group_name,app_name,platform,region,language,denominator,numerator,conversion_rate
this,ms,ios,S,n,1455744,26912,0.02773015
this,ms,android,S,n,785328,19344,0.036947619
base,ms,ios,S,n,694912,175520,0.25257874
base,ms,android,S,n,440512,156800,0.35594944
this,ms,android,S,s,174736,4896,0.042027194
this,ms,android,S,s,173296,4848,0.041960947
base,ms,android,S,s,127584,55520,0.43516428
base,ms,android,D,n,120661,44807,0.371346168
this,ms,android,D,n,109305,40683,0.372197063
base,ms,android,S,s,87840,36000,0.40983607
this,ms,android,H,n,77378,29288,0.378505518
base,ms,android,H,n,74751,29021,0.388235609
this,ms,ios,S,s,72528,1408,0.029119788
this,ms,android,s,n,53232,1584,0.044634806
this,ms,android,N,n,48728,23479,0.481837958
base,ms,android,N,n,48179,22833,0.473920173
base,ms,android,N,i,46788,13391,0.286205865
base,ms,android,R,r,45864,18262,0.39817722
this,ms,android,R,r,41352,16315,0.394539563
this,ms,android,N,i,41021,12280,0.299358865
base,ms,ios,S,s,39632,10400,0.26241421
this,ms,android,E,r,38234,14353,0.37539886
base,ms,android,s,n,37696,16800,0.44567063
this,ms,android,N,i,36985,18614,0.503285116
base,ms,android,E,r,36790,13746,0.37363414
this,ms,android,S,h,36432,176,0.007246377
base,ms,android,N,i,36416,18444,0.506480668
this,si,android,D,n,34555,7357,0.21290696
this,ms,android,U,u,32129,13397,0.416975318
base,ms,android,G,n,28944,13529,0.467419845
this,tv,android,S,n,28896,656,0.034053156
this,ms,android,G,n,28693,13084,0.455999721
base,ms,android,S,h,28656,2720,0.09491904
base,ms,ios,E,r,24562,6368,0.259262275
base,ms,android,U,u,23386,10042,0.429402206
this,ms,android,R,t,21467,8856,0.412540178
base,ms,android,R,t,21414,8680,0.405342299
this,ms,ios,E,r,18747,5053,0.269536459
this,ms,android,s,r,17280,560,0.048611111
this,ms,android,R,o,16136,6309,0.390989093
base,tv,android,S,n,15872,6560,0.41330645
this,ms,ios,s,n,15408,336,0.03271028
this,ms,android,H,h,15311,4814,0.314414473
base,ms,android,O,s,15247,6347,0.416278612
base,ms,ios,N,i,15046,4194,0.278745181
base,ms,android,X,s,14783,6238,0.421971183
this,ms,ios,N,i,14452,3765,0.260517575
this,ms,android,O,s,14225,5948,0.418137083
base,ms,android,H,h,14062,4487,0.319086901
this,ms,ios,S,i,14016,224,0.023972603
base,ms,ios,U,u,14001,4876,0.348260839
this,ms,ios,S,r,13888,192,0.020725389
this,ms,android,X,s,13854,5892,0.425292334
this,ms,android,s,r,13648,368,0.040421793
base,ms,android,R,o,12848,4845,0.377101494
this,ms,ios,U,u,11986,4064,0.339062239
base,ms,ios,S,r,11248,2720,0.24182077
base,ms,android,R,r,10856,4412,0.406411201
this,ms,android,D,n,10736,5186,0.48304769
this,ms,ios,S,r,10192,160,0.023529412
base,ms,ios,s,n,10032,2880,0.28708134
base,ms,android,T,t,10017,4349,0.434161925
base,ms,android,D,n,9756,4659,0.477552276
base,ms,android,s,r,9712,4800,0.49423394
this,tv,ios,S,n,9616,160,0.024937656
this,ms,android,T,t,9365,3983,0.425306994
base,ms,android,s,r,8704,3520,0.40441176
base,ms,ios,S,i,8320,2080,0.25
base,ms,ios,S,r,8288,1920,0.23166023
base,ms,android,E,n,7867,3495,0.444260836
this,ms,android,E,n,7769,3437,0.442399279
this,ms,ios,S,u,7552,112,0.022222222
this,ms,android,R,r,7519,3082,0.409894933
base,ms,android,R,s,7505,3204,0.42691539
this,ms,android,Y,s,7466,2839,0.380257166
this,ms,android,S,r,7392,160,0.032467532
base,ms,android,D,n,7163,2660,0.371352785
this,ms,android,S,r,6960,160,0.034482759
base,ms,android,Y,s,6870,2569,0.373944687
this,ms,android,D,n,6843,2729,0.398801695
this,ms,android,R,s,6486,2774,0.42769041
this,ms,ios,S,s,6336,144,0.034090909
base,ms,android,S,r,6240,1760,0.28205128
base,tv,ios,S,n,6032,1440,0.23872679
base,ms,android,S,r,5856,2080,0.35519126
base,ms,ios,S,u,5584,1440,0.25787966
this,ems,android,H,h,5473,2094,0.382605518
base,tv,android,N,n,5315,2632,0.495202258
base,ms,android,W,h,5189,1844,0.355367123
this,tv,android,N,n,4947,2577,0.520921771
base,si,android,D,n,4876,892,0.182936833
this,ms,android,S,l,4864,128,0.039408867
base,ms,android,K,n,4859,1836,0.377855526
base,tv,android,E,r,4791,1336,0.278856189
this,ms,android,K,n,4696,1794,0.382027257
base,ms,ios,S,s,4560,1600,0.35087719
base,ems,android,H,h,4526,1898,0.419354839
this,ms,android,W,h,4491,1660,0.369628145
base,tv,android,D,n,4257,2182,0.512567536
this,tv,android,D,n,4190,1981,0.472792363
this,ms,android,K,r,4053,1732,0.427337774
base,ms,android,K,r,4024,1771,0.440109344
base,ms,android,N,e,4020,2142,0.532835821
this,ms,android,N,e,3908,2094,0.535823951
this,ms,ios,s,u,3856,64,0.02484472
base,ms,android,Y,n,3833,1288,0.33602922
base,ms,ios,s,u,3808,960,0.25210084
this,ms,android,S,t,3744,32,0.012820513
this,tv,android,s,n,3744,112,0.044871795
this,ms,android,Y,n,3488,1164,0.333715596
base,ms,ios,E,n,3467,789,0.227574272
base,ms,ios,H,n,3383,1226,0.362400236
base,ms,android,N,l,3232,1788,0.553217822
this,ms,ios,S,h,3184,32,0.015037594
this,tv,android,S,s,3184,64,0.030075188
base,ms,android,N,n,3164,1682,0.531605563
base,ms,ios,P,a,3101,497,0.16027088
this,ms,ios,H,n,3050,1038,0.340327869
this,ms,android,N,n,3045,1654,0.54318555
base,ms,android,N,a,3032,1600,0.527704485
this,ms,android,N,l,3019,1662,0.550513415
this,ms,android,N,a,2987,1544,0.516906595
this,ms,ios,E,e,2967,698,0.235254466
base,ms,ios,E,e,2965,646,0.217875211
this,tv,android,E,r,2962,901,0.304186361
base,ms,android,N,n,2956,1571,0.531461434
this,ms,android,S,a,2896,64,0.033057851
this,ms,android,N,n,2847,1518,0.533192835
base,ms,android,S,l,2832,1120,0.39548023
this,ms,ios,R,r,2798,850,0.30378842
this,ms,android,s,o,2752,64,0.034782609
base,ms,ios,S,h,2720,480,0.17647059
this,tv,android,S,s,2640,80,0.045454545
this,ms,ios,E,n,2603,610,0.234344987
this,ms,android,S,u,2592,64,0.037037037
this,ms,ios,s,r,2496,48,0.028846154
this,ms,ios,s,i,2448,32,0.019607843
this,ms,android,S,n,2416,64,0.03960396
base,ms,ios,N,n,2346,962,0.410059676
this,ms,ios,N,n,2345,827,0.352665245
this,ms,ios,P,a,2316,366,0.158031088
this,ms,android,s,s,2304,48,0.03125
this,ms,android,S,e,2256,48,0.031914894
this,ems,android,N,i,2237,831,0.37147966
base,ms,android,P,a,2207,701,0.317625736
base,ms,ios,R,r,2191,622,0.283888635
this,ms,android,s,n,2160,32,0.022222222
this,ms,android,s,y,2160,48,0.033333333
base,tv,android,S,s,2096,800,0.38167939
this,ms,android,P,a,2081,704,0.338298895
this,ms,ios,s,r,2064,64,0.046511628
base,ems,android,N,i,2040,756,0.370588235
base,ms,android,S,u,2016,800,0.3968254
this,ms,android,U,z,2009,1074,0.534594326
this,ms,ios,s,s,1968,48,0.036585366
base,tv,android,s,n,1952,640,0.32786885
base,ms,android,s,r,1920,800,0.41666667
base,ms,ios,W,h,1851,686,0.370610481
base,ms,ios,D,n,1836,614,0.334422658
this,ms,android,s,l,1824,32,0.026315789
base,ms,android,U,z,1808,1005,0.555862832
base,ms,android,S,e,1792,480,0.26785714
base,ms,android,S,n,1760,640,0.36363636
base,tv,android,R,t,1753,589,0.335995436
base,ms,android,s,o,1728,640,0.37037037
this,ms,android,s,s,1696,32,0.028169014
this,ms,ios,N,i,1653,611,0.369630974
base,ms,android,S,a,1648,480,0.29126214
base,ms,ios,s,r,1648,480,0.29126214
this,tv,android,R,t,1636,632,0.386308068
this,ms,android,s,t,1632,48,0.044117647
this,tv,android,N,i,1624,813,0.500615764
this,ms,android,U,z,1612,509,0.315756824
base,ms,ios,N,i,1605,610,0.380062305
base,tv,android,N,i,1584,827,0.52209596
base,ms,android,s,n,1568,480,0.30612245
base,tv,android,S,s,1536,640,0.41666667
this,ms,ios,D,n,1515,490,0.323432343
this,tv,android,H,n,1513,668,0.44150694
this,tv,android,U,u,1488,608,0.408602151
this,ms,android,E,e,1449,594,0.409937888
this,ms,android,S,a,1440,32,0.033333333
this,ms,android,E,r,1431,508,0.354996506
this,ms,android,s,r,1408,48,0.050847458
base,ms,android,E,r,1401,471,0.336188437
this,ms,android,U,k,1397,484,0.346456693
base,tv,android,H,n,1385,655,0.472924188
this,ms,ios,W,h,1383,550,0.397686189
base,ms,android,U,z,1361,538,0.395297575
base,tv,android,U,u,1333,523,0.392348087
base,ms,android,s,s,1328,480,0.36144578
base,ms,android,s,s,1312,480,0.36585366
this,ms,android,S,r,1312,32,0.036363636
this,ms,android,Y,h,1284,232,0.180685358
base,ms,android,U,k,1249,440,0.352281825
base,ms,ios,s,i,1248,320,0.25641026
base,ms,android,H,h,1233,82,0.066504461
base,ms,android,N,r,1134,569,0.501763668
base,ms,ios,Y,s,1130,422,0.373451327
base,ms,android,Y,h,1115,251,0.225112108
base,ms,ios,R,t,1106,355,0.320976492
base,ms,android,D,d,1105,467,0.422624434
base,ms,android,s,t,1088,480,0.44117647
this,ms,ios,R,t,1087,359,0.330266789
this,ms,android,N,r,1083,552,0.509695291
this,si,android,N,n,1079,481,0.445783133
base,ms,android,N,r,1057,562,0.531693472
base,ms,android,s,l,1056,320,0.3030303
this,tv,android,D,n,1056,508,0.481060606
base,ms,android,Y,n,1043,455,0.436241611
this,ms,android,H,h,1026,34,0.033138402
base,ms,android,S,t,1024,480,0.46875
this,ms,android,S,n,1024,32,0.046511628
base,ms,ios,R,r,1017,444,0.436578171
this,ms,android,N,r,1001,543,0.542457542
base,ms,android,U,r,1000,492,0.492
this,ms,android,D,d,990,390,0.393939394
base,ms,android,s,u,976,320,0.32786885
this,ms,ios,Y,s,969,365,0.376676987
this,ms,android,Y,n,968,432,0.446280992
this,ms,ios,R,r,966,412,0.426501035
base,tv,android,D,n,959,482,0.502606882
this,ms,android,U,r,958,393,0.410229645
base,ms,android,R,r,935,361,0.386096257
this,tv,android,N,i,923,384,0.41603467
this,ms,ios,X,s,916,298,0.325327511
this,ms,ios,Y,n,914,287,0.314004376
base,si,android,N,n,901,371,0.411764706
base,ms,ios,X,s,899,321,0.357063404
this,ms,android,R,r,893,319,0.357222844
this,si,android,D,n,884,274,0.309954751
base,ms,android,S,i,880,320,0.36363636
base,tv,android,N,i,872,349,0.400229358
base,ms,android,E,e,781,338,0.432778489
this,ms,android,D,n,751,286,0.380825566
this,tv,android,X,s,746,293,0.392761394
base,ms,ios,Y,n,728,212,0.291208791
this,ms,ios,T,t,688,262,0.380813953
base,ms,android,H,n,681,270,0.396475771
this,tv,android,O,s,678,293,0.432153392
base,ms,android,D,n,675,258,0.382222222
this,md,android,D,n,655,389,0.59389313
this,ms,android,D,h,645,13,0.020155039
base,ms,ios,T,t,641,254,0.39625585
this,ms,android,E,i,638,265,0.415360502
base,tv,android,O,s,635,269,0.423622047
this,ms,android,H,n,632,227,0.359177215
this,ms,ios,R,o,626,199,0.317891374
this,ms,ios,N,n,622,58,0.093247588
this,ms,ios,O,s,613,200,0.326264274
base,ms,android,N,a,602,307,0.509966777
base,ms,ios,O,s,600,218,0.363333333
base,ms,android,E,i,597,260,0.435510888
base,ms,ios,N,n,588,90,0.153061224
base,ms,android,D,s,582,58,0.099656357
this,ms,android,D,s,579,51,0.088082902
this,ms,android,W,n,578,368,0.636678201
base,tv,android,X,s,577,284,0.49220104
this,ms,android,N,a,558,272,0.487455197
this,tv,android,D,n,556,261,0.46942446
base,ms,android,E,d,552,227,0.411231884
base,si,android,D,n,541,224,0.414048059
this,ms,android,N,o,534,251,0.470037453
base,ms,android,N,o,533,260,0.487804878
base,ms,android,W,n,519,328,0.631984586
base,ms,ios,G,n,518,302,0.583011583
base,ms,android,N,s,513,307,0.598440546
this,ms,android,E,d,508,215,0.423228346
base,md,android,D,n,507,295,0.581854043
this,ms,android,D,i,492,193,0.392276423
this,ms,ios,G,n,489,293,0.599182004
base,ms,android,D,h,487,11,0.022587269
base,tv,android,R,r,486,229,0.471193416
this,ms,android,N,s,486,290,0.596707819
base,ms,ios,H,h,478,157,0.328451883
base,ms,android,D,i,476,211,0.443277311
base,tv,android,K,n,475,246,0.517894737
this,tv,android,K,n,472,270,0.572033898
this,ms,ios,H,h,464,158,0.340517241
base,tv,android,D,n,462,215,0.465367965
base,ms,android,N,u,453,230,0.507726269
base,ms,ios,R,o,452,142,0.314159292
this,ms,android,N,u,429,208,0.484848485
base,tv,android,E,n,419,203,0.484486874
this,tv,android,R,r,418,197,0.471291866
base,ms,ios,D,n,413,133,0.322033898
base,tv,ios,E,r,413,127,0.307506053
base,ms,android,N,h,407,12,0.029484029
this,ms,android,N,h,399,14,0.035087719
this,ms,android,U,n,397,170,0.428211587
this,ms,ios,D,n,393,132,0.335877863
base,ms,android,H,h,375,16,0.042666667
base,ems,android,N,n,374,218,0.582887701
base,tv,android,G,n,363,172,0.473829201
this,tv,android,G,n,363,177,0.487603306
this,tv,ios,E,r,362,120,0.331491713
this,ems,android,N,n,362,210,0.580110497
this,tv,android,R,s,361,172,0.476454294
this,ms,android,H,y,352,143,0.40625
this,tv,android,E,n,347,178,0.5129683
base,ms,android,N,r,342,17,0.049707602
base,tv,android,R,s,340,158,0.464705882
this,ms,android,H,l,327,135,0.412844037
this,ems,ios,H,h,325,139,0.427692308
base,ms,android,H,l,319,123,0.385579937
base,ms,android,Y,a,317,106,0.334384858
this,tv,android,H,h,314,128,0.407643312
base,ms,android,W,n,311,171,0.549839228
this,ms,android,N,n,306,4,0.013071895
base,ms,ios,E,n,305,92,0.301639344
base,ms,android,U,n,300,131,0.436666667
this,ms,android,N,t,299,0,0
this,ms,android,N,n,297,104,0.35016835
base,ms,android,H,y,296,128,0.432432432
base,ems,ios,H,h,291,115,0.395189003
this,ms,ios,E,n,287,76,0.264808362
this,ms,android,W,n,274,148,0.540145985
this,ms,android,N,s,273,0,0
base,ms,ios,U,n,266,103,0.387218045
base,ms,ios,W,n,266,71,0.266917293
this,ms,android,E,e,264,91,0.34469697
base,ms,android,N,n,259,64,0.247104247
base,tv,android,H,h,258,120,0.465116279
this,ems,ios,N,i,250,113,0.452
this,ems,android,D,n,249,128,0.514056225
this,ms,android,H,h,249,8,0.032128514
this,ms,android,Y,a,241,88,0.365145228
base,md,android,N,n,236,89,0.377118644
base,ms,ios,K,n,233,83,0.356223176
this,ms,ios,R,n,233,66,0.283261803
this,md,android,N,n,225,109,0.484444444
this,ms,ios,K,n,224,91,0.40625
base,ms,ios,R,s,220,77,0.35
this,ms,android,E,h,220,3,0.013636364
base,ems,android,D,n,219,104,0.474885845
base,ms,ios,E,r,218,71,0.325688073
this,tv,android,Y,s,218,104,0.47706422
this,ms,ios,E,r,214,69,0.322429907
this,tv,android,K,r,213,111,0.521126761
base,ms,android,E,e,212,61,0.287735849
this,ms,android,U,a,212,54,0.254716981
base,ms,android,E,h,211,3,0.014218009
base,tv,android,Y,n,209,58,0.277511962
this,ms,ios,U,n,207,64,0.309178744
this,ms,android,T,n,204,92,0.450980392
base,ms,android,T,n,199,94,0.472361809
this,ms,ios,W,n,197,68,0.345177665
base,ems,ios,N,i,196,102,0.520408163
base,tv,android,T,t,194,85,0.43814433
base,ms,android,R,n,193,80,0.414507772
base,ms,android,N,j,190,75,0.394736842
this,tv,android,N,l,190,108,0.568421053
base,tv,android,K,r,188,86,0.457446809
base,tv,android,Y,s,188,94,0.5
base,tv,ios,N,i,187,79,0.422459893
this,ms,android,N,j,186,70,0.376344086
this,tv,android,N,a,185,94,0.508108108
this,si,android,N,i,185,63,0.340540541
base,tv,android,N,l,184,98,0.532608696
this,tv,android,N,n,184,95,0.516304348
base,si,android,N,i,182,67,0.368131868
base,tv,android,N,a,182,88,0.483516484
this,ms,ios,R,s,182,70,0.384615385
base,ms,android,Y,d,174,75,0.431034483
base,tv,android,N,e,173,93,0.537572254
this,tv,ios,N,i,173,75,0.433526012
this,tv,android,T,t,173,73,0.421965318
this,ms,android,Y,d,167,63,0.377245509
base,ms,ios,K,r,166,72,0.43373494
this,ms,ios,K,r,166,67,0.403614458
base,ms,android,K,a,165,69,0.418181818
base,ms,ios,R,n,164,47,0.286585366
this,ms,ios,D,n,159,59,0.371069182
base,ms,android,N,h,157,7,0.044585987
this,ms,android,K,a,156,64,0.41025641
this,tv,android,N,e,156,78,0.5
base,ms,android,R,h,154,4,0.025974026
base,tv,ios,N,n,152,73,0.480263158
this,ms,android,R,n,151,58,0.38410596
base,ms,ios,E,i,150,55,0.366666667
this,md,android,D,n,150,86,0.573333333
base,ms,android,X,h,149,2,0.013422819
base,ms,ios,D,n,148,62,0.418918919
this,ms,android,X,h,147,0,0
base,ms,android,K,i,145,66,0.455172414
base,ems,android,D,n,144,75,0.520833333
this,tv,android,P,a,144,48,0.333333333
this,ms,android,R,s,144,62,0.430555556
base,tv,android,N,n,142,65,0.457746479
base,tv,android,P,a,142,26,0.183098592
this,ms,ios,N,l,142,65,0.457746479
base,ms,ios,N,l,138,69,0.5
base,md,android,D,n,136,91,0.669117647
this,ms,android,R,h,134,0,0
base,ms,ios,P,n,133,36,0.270676692
this,ms,android,K,i,133,64,0.481203008
base,tv,android,N,n,130,73,0.561538462
base,ms,android,N,d,129,55,0.426356589
this,ms,ios,P,n,126,30,0.238095238
this,tv,ios,N,n,125,69,0.552
this,ms,ios,N,e,124,63,0.508064516
base,ms,ios,P,i,123,36,0.292682927
base,ms,ios,D,n,122,46,0.37704918
this,ms,android,E,n,122,64,0.524590164
this,tv,android,N,n,122,57,0.467213115
base,tv,android,R,o,121,38,0.314049587
base,ms,android,E,n,120,48,0.4
this,ems,android,D,n,119,57,0.478991597
base,ms,ios,N,e,118,44,0.372881356
this,ms,android,R,n,117,38,0.324786325
base,ms,ios,N,a,116,47,0.405172414
this,ms,ios,P,i,116,35,0.301724138
base,ms,android,R,s,115,47,0.408695652
this,ms,ios,D,n,115,58,0.504347826
this,ms,android,R,n,113,35,0.309734513
base,ms,android,Y,y,111,48,0.432432432
base,ms,android,D,r,109,52,0.47706422
base,ms,android,R,n,109,36,0.330275229
this,tv,android,R,o,109,26,0.23853211
this,ms,ios,N,a,106,36,0.339622642
base,ems,android,R,r,105,61,0.580952381
base,tv,android,W,h,105,30,0.285714286
this,tv,android,Y,n,105,60,0.571428571
this,tv,android,U,z,103,56,0.54368932
this,ms,android,N,h,100,5,0.05
base,ms,android,O,h,99,2,0.02020202
base,tv,ios,U,u,99,29,0.292929293
this,ms,android,R,n,99,45,0.454545455
this,tv,ios,U,u,99,26,0.262626263
base,ms,android,D,r,98,44,0.448979592
this,ms,ios,Y,h,97,35,0.360824742
base,tv,android,U,z,95,46,0.484210526
base,ms,android,X,n,95,43,0.452631579
this,tv,android,W,h,94,34,0.361702128
this,ms,android,D,r,93,30,0.322580645
this,ems,android,E,r,92,44,0.47826087
this,ms,android,D,r,91,29,0.318681319
this,ms,android,X,n,91,41,0.450549451
this,ms,android,N,m,90,23,0.255555556
this,ms,android,N,d,88,32,0.363636364
base,ms,android,R,n,87,36,0.413793103
base,ms,android,s,h,87,17,0.195402299
base,si,android,N,n,86,40,0.465116279
this,tv,android,R,r,86,33,0.38372093
base,tv,android,R,r,85,34,0.4
base,ms,android,s,y,85,20,0.235294118
this,ms,android,U,h,85,4,0.047058824
this,ems,android,R,r,84,46,0.547619048
base,ms,ios,E,u,83,27,0.325301205
this,tv,android,D,n,83,58,0.698795181
base,ms,android,U,a,82,29,0.353658537
base,ems,android,E,r,80,24,0.3
base,tv,ios,E,n,80,29,0.3625
this,ms,ios,E,i,80,28,0.35
base,ms,android,O,n,79,34,0.430379747
this,ms,android,N,y,79,34,0.430379747
this,ms,ios,R,n,78,19,0.243589744
base,ms,android,S,a,76,17,0.223684211
this,ms,android,U,k,76,34,0.447368421
this,ms,android,O,n,75,21,0.28
base,tv,ios,N,i,74,30,0.405405405
base,ms,android,N,m,74,25,0.337837838
base,ms,android,E,n,73,20,0.273972603
base,ms,ios,H,n,72,26,0.361111111
this,ms,ios,E,r,72,22,0.305555556
this,ms,ios,X,n,72,27,0.375
base,ms,android,E,u,71,42,0.591549296
base,ms,android,N,y,70,33,0.471428571
base,ms,ios,S,t,70,9,0.128571429
base,ms,ios,W,i,70,26,0.371428571
this,tv,android,N,r,70,28,0.4
base,ms,android,E,a,69,17,0.246376812
base,tv,android,N,r,69,28,0.405797101
base,ms,ios,Y,h,69,28,0.405797101
this,ms,android,E,v,69,33,0.47826087
this,si,android,N,n,69,18,0.260869565
base,ms,ios,N,n,68,33,0.485294118
base,ms,ios,R,n,68,20,0.294117647
base,tv,ios,R,r,68,29,0.426470588
base,tv,android,Y,n,68,43,0.632352941
this,ms,android,Y,y,68,29,0.426470588
base,ems,android,H,n,67,41,0.611940299
base,ms,android,R,h,67,5,0.074626866
base,ms,ios,R,e,67,14,0.208955224
this,ms,android,E,u,66,20,0.303030303
this,tv,ios,R,r,66,19,0.287878788
base,tv,ios,H,n,65,26,0.4
base,ms,ios,U,r,65,31,0.476923077
this,ms,android,W,i,65,36,0.553846154
this,tv,android,Y,n,65,48,0.738461538
this,ems,android,H,n,64,37,0.578125
base,ms,ios,s,r,63,20,0.317460317
base,ms,android,E,v,62,31,0.5
base,tv,android,N,r,62,28,0.451612903
base,ms,android,P,n,62,34,0.548387097
base,ms,android,U,h,62,3,0.048387097
this,ms,android,E,n,62,35,0.564516129
this,ms,ios,H,n,62,28,0.451612903
this,ms,ios,R,e,62,12,0.193548387
base,ms,ios,E,r,61,18,0.295081967
base,ms,android,K,n,61,26,0.426229508
base,ms,android,S,k,61,21,0.344262295
base,ms,ios,S,e,61,14,0.229508197
this,ms,android,K,r,61,27,0.442622951
this,ms,android,O,h,61,0,0
this,ms,ios,W,i,61,16,0.262295082
base,ms,ios,N,a,60,24,0.4
base,ms,android,W,i,60,24,0.4
this,ms,ios,E,u,60,21,0.35
base,ms,android,R,n,59,23,0.389830508
base,ms,ios,s,s,59,16,0.271186441
this,ms,android,H,m,59,13,0.220338983
this,tv,ios,H,n,59,22,0.372881356
base,ms,android,s,g,58,20,0.344827586
base,ms,ios,s,h,58,19,0.327586207
this,tv,ios,E,n,58,19,0.327586207
this,ms,android,P,n,58,16,0.275862069
base,ms,android,R,u,57,25,0.438596491
this,ms,android,E,a,57,15,0.263157895
base,ms,ios,X,n,56,13,0.232142857
this,ms,android,E,r,56,30,0.535714286
this,ms,android,R,h,56,2,0.035714286
base,ms,android,H,m,55,15,0.272727273
base,ems,android,K,n,55,24,0.436363636
this,tv,ios,s,n,55,19,0.345454545
base,si,android,N,d,54,13,0.240740741
base,ms,android,R,r,54,28,0.518518519
base,ms,ios,Y,n,54,19,0.351851852
this,si,android,N,d,54,28,0.518518519
this,ms,ios,N,a,54,22,0.407407407
this,ms,ios,S,e,54,10,0.185185185
base,ms,ios,E,n,53,19,0.358490566
base,ms,android,E,r,52,30,0.576923077
base,tv,ios,H,h,52,19,0.365384615
this,si,android,D,s,52,12,0.230769231
this,ms,android,G,r,52,20,0.384615385
this,tv,ios,H,h,52,15,0.288461538
this,tv,ios,N,i,52,19,0.365384615
this,ms,android,R,u,52,16,0.307692308
this,ms,android,R,i,52,20,0.384615385
this,ems,android,U,u,52,31,0.596153846
base,tv,android,E,r,51,22,0.431372549
base,ms,android,G,r,51,21,0.411764706
base,ms,android,s,r,51,22,0.431372549
base,ms,ios,S,n,51,12,0.235294118
this,ms,android,E,n,50,17,0.34
this,tv,android,E,r,50,14,0.28
this,ms,android,K,n,50,18,0.36
this,ms,ios,N,n,50,22,0.44
this,ms,ios,R,u,50,11,0.22
this,ms,android,S,k,50,18,0.36
this,ems,android,K,n,49,19,0.387755102
this,ms,ios,R,n,49,17,0.346938776
base,ms,android,N,h,48,9,0.1875
base,ms,android,R,l,48,18,0.375
base,ms,android,s,r,48,20,0.416666667
this,ms,android,E,r,48,21,0.4375
this,ms,android,s,r,48,18,0.375
base,ms,ios,R,i,47,15,0.319148936
base,ms,android,S,r,47,13,0.276595745
this,tv,android,N,r,47,18,0.382978723
this,ms,android,N,h,47,10,0.212765957
this,tv,android,s,r,47,16,0.340425532
this,ms,ios,S,t,47,12,0.255319149
base,ms,android,N,n,46,1,0.02173913
base,ms,android,S,r,46,18,0.391304348
this,tv,android,W,n,46,20,0.434782609
base,tv,android,E,e,45,21,0.466666667
base,ems,android,H,n,45,14,0.311111111
base,ms,android,P,d,45,28,0.622222222
base,tv,android,s,r,45,11,0.244444444
this,ems,android,H,o,45,22,0.488888889
this,ms,android,s,u,45,18,0.4
base,ms,ios,E,e,44,13,0.295454545
base,ems,android,H,o,44,25,0.568181818
base,ems,android,N,i,44,30,0.681818182
base,tv,ios,s,n,44,16,0.363636364
base,ems,android,U,u,44,25,0.568181818
this,tv,android,D,d,44,24,0.545454545
this,ms,android,E,i,44,19,0.431818182
this,ems,android,N,i,44,36,0.818181818
this,tv,ios,R,r,44,16,0.363636364
this,ms,ios,T,n,44,16,0.363636364
this,ms,android,U,o,44,16,0.363636364
base,ms,android,K,r,43,17,0.395348837
base,ms,android,K,j,43,18,0.418604651
base,ms,ios,R,u,43,11,0.255813953
base,ms,android,S,n,43,20,0.465116279
this,ems,android,H,n,43,14,0.325581395
this,ms,android,S,i,43,10,0.23255814
this,ms,android,U,y,43,11,0.255813953
base,ms,android,R,i,42,24,0.571428571
this,ms,ios,E,v,42,14,0.333333333
this,ms,ios,E,n,42,13,0.30952381
this,ms,ios,E,e,42,14,0.333333333
this,ms,ios,O,n,42,12,0.285714286
this,ms,android,R,a,42,13,0.30952381
this,ms,ios,R,i,42,6,0.142857143
this,ms,ios,U,r,42,23,0.547619048
base,tv,android,D,n,41,25,0.609756098
base,si,android,N,n,41,7,0.170731707
this,ms,android,R,u,41,16,0.390243902
this,ms,android,s,r,41,15,0.365853659
base,ms,android,Y,i,40,14,0.35
this,ms,android,s,h,40,6,0.15
base,ms,android,E,n,39,12,0.307692308
base,ms,ios,R,n,39,17,0.435897436
this,tv,ios,R,t,39,11,0.282051282
base,ms,ios,E,v,38,14,0.368421053
base,ms,android,R,u,38,15,0.394736842
base,ms,android,s,u,38,15,0.394736842
base,ms,android,S,i,38,12,0.315789474
base,ms,android,U,k,38,18,0.473684211
this,ems,android,E,n,38,24,0.631578947
this,ms,android,R,r,38,21,0.552631579
this,ms,ios,S,n,38,13,0.342105263
this,ms,android,S,o,38,11,0.289473684
this,tv,android,U,n,38,16,0.421052632
base,ms,android,E,r,37,18,0.486486486
base,ms,android,R,s,37,15,0.405405405
base,tv,android,s,r,37,22,0.594594595
base,ms,ios,T,n,37,14,0.378378378
this,ms,android,R,r,37,14,0.378378378
this,tv,android,R,r,37,15,0.405405405
this,ms,ios,R,i,37,7,0.189189189
this,ems,android,S,n,37,16,0.432432432
this,ms,android,s,u,37,13,0.351351351
base,tv,android,D,d,36,18,0.5
base,ems,android,E,n,36,25,0.694444444
base,ms,ios,S,n,36,18,0.5
base,ms,android,U,t,36,13,0.361111111
this,tv,android,E,d,36,27,0.75
this,ms,ios,s,h,36,15,0.416666667
this,ms,android,T,s,36,17,0.472222222
this,ms,android,Y,i,36,15,0.416666667
base,ms,android,H,o,35,8,0.228571429
this,tv,ios,G,n,35,18,0.514285714
this,ms,android,H,o,35,8,0.228571429
this,ms,android,K,j,35,14,0.4
this,tv,android,N,o,35,20,0.571428571
this,ms,android,R,l,35,15,0.428571429
this,ms,android,Y,h,35,6,0.171428571
base,ms,android,H,i,34,9,0.264705882
base,ms,android,K,r,34,12,0.352941176
base,ms,android,K,r,34,14,0.411764706
base,ms,ios,R,n,34,12,0.352941176
base,ms,ios,R,i,34,9,0.264705882
base,ms,android,R,a,34,8,0.235294118
base,tv,android,W,n,34,19,0.558823529
this,ms,android,S,t,34,16,0.470588235
this,ms,android,s,g,34,14,0.411764706
this,tv,android,s,r,34,14,0.411764706
base,ms,android,E,i,33,15,0.454545455
base,tv,android,N,a,33,15,0.454545455
base,ms,android,S,o,33,8,0.242424242
base,tv,android,W,n,33,15,0.454545455
this,ms,ios,E,d,33,13,0.393939394
this,si,android,N,n,33,3,0.090909091
this,ms,android,R,h,33,13,0.393939394
this,ms,ios,S,n,33,11,0.333333333
base,tv,ios,G,n,32,15,0.46875
base,tv,android,N,o,32,12,0.375
base,tv,android,N,s,32,16,0.5
base,ms,android,R,r,32,12,0.375
base,ems,android,S,n,32,15,0.46875
base,ms,ios,S,r,32,11,0.34375
base,ms,android,S,o,32,9,0.28125
base,tv,ios,X,s,32,10,0.3125
this,tv,android,E,e,32,9,0.28125
this,ms,android,H,i,32,7,0.21875
this,ms,android,K,r,32,9,0.28125
this,tv,android,N,a,32,12,0.375
this,ms,android,R,s,32,14,0.4375
this,ms,android,S,r,32,7,0.21875
base,ms,ios,R,u,31,7,0.225806452
base,ms,android,R,h,31,7,0.225806452
base,ms,android,T,s,31,18,0.580645161
base,tv,android,U,n,31,17,0.548387097
this,ms,android,K,r,31,9,0.290322581
this,ms,android,S,i,31,11,0.35483871
this,tv,ios,X,s,31,11,0.35483871
this,ms,ios,Y,a,31,9,0.290322581
base,ms,ios,E,d,30,11,0.366666667
base,tv,android,N,u,30,10,0.333333333
base,ms,android,S,t,30,19,0.633333333
base,ms,android,s,t,30,9,0.3
base,ms,android,U,o,30,8,0.266666667
base,ms,android,Y,h,30,9,0.3
this,ms,ios,E,r,30,19,0.633333333
base,ms,ios,N,n,29,10,0.344827586
base,ms,android,s,s,29,9,0.310344828
this,ms,android,H,i,29,8,0.275862069
this,ms,android,R,i,29,9,0.310344828
this,ems,android,s,h,29,17,0.586206897
this,ms,android,S,o,29,9,0.310344828
base,ms,android,s,k,28,7,0.25
base,tv,ios,T,t,28,15,0.535714286
this,tv,android,N,s,28,14,0.5
this,tv,android,N,n,28,11,0.392857143
this,tv,ios,T,t,28,19,0.678571429
base,ems,android,D,n,27,15,0.555555556
base,ms,android,D,i,27,13,0.481481481
base,ms,android,R,t,27,13,0.481481481
base,tv,ios,R,r,27,8,0.296296296
base,tv,android,U,r,27,4,0.148148148
this,ms,android,E,t,27,14,0.518518519
this,ms,ios,R,n,27,5,0.185185185
this,ms,android,s,t,27,8,0.296296296
this,ms,android,T,r,27,7,0.259259259
base,ms,android,D,h,26,0,0
base,ms,android,E,t,26,19,0.730769231
base,ms,ios,R,u,26,7,0.269230769
base,ems,android,s,h,26,16,0.615384615
base,tv,ios,S,s,26,7,0.269230769
base,ms,android,s,h,26,6,0.230769231
this,ms,android,E,h,26,2,0.076923077
this,ms,android,E,u,26,9,0.346153846
this,ms,android,P,d,26,19,0.730769231
base,ems,android,s,n,25,12,0.48
base,tv,android,U,k,25,5,0.2
this,tv,android,N,d,25,14,0.56
this,tv,ios,P,a,25,5,0.2
this,ms,ios,R,u,25,8,0.32
this,tv,ios,S,s,25,9,0.36
this,ms,android,s,h,25,6,0.24
this,ms,android,s,i,25,3,0.12
this,ms,ios,s,e,25,2,0.08
this,tv,android,W,n,25,17,0.68
this,ms,ios,Y,n,25,11,0.44
base,tv,android,D,i,24,12,0.5
base,tv,ios,D,n,24,11,0.458333333
base,ms,ios,E,u,24,7,0.291666667
base,tv,android,H,n,24,12,0.5
base,ms,android,R,u,24,12,0.5
base,ms,android,T,r,24,8,0.333333333
base,ms,android,T,r,24,9,0.375
base,ms,ios,Y,i,24,6,0.25
this,ms,android,D,i,24,3,0.125
this,ms,android,R,h,24,12,0.5
this,ms,ios,S,h,24,5,0.208333333
this,ms,android,T,r,24,12,0.5
base,tv,ios,K,n,23,14,0.608695652
base,ms,android,R,o,23,6,0.260869565
base,ms,ios,R,r,23,4,0.173913043
base,ms,android,R,i,23,6,0.260869565
base,tv,android,U,z,23,7,0.304347826
base,ms,ios,Y,a,23,9,0.391304348
base,tv,ios,Y,n,23,9,0.391304348
this,ems,android,D,n,23,18,0.782608696
this,ms,ios,N,n,23,7,0.304347826
this,ms,android,N,o,23,6,0.260869565
this,ms,android,R,t,23,9,0.391304348
this,ms,android,R,n,23,9,0.391304348
this,ms,ios,R,u,23,6,0.260869565
this,ms,ios,S,r,23,12,0.52173913
this,ms,android,s,k,23,10,0.434782609
this,tv,android,s,l,23,10,0.434782609
this,tv,ios,s,r,23,8,0.347826087
this,ms,ios,S,o,23,6,0.260869565
this,ms,android,S,d,23,5,0.217391304
base,md,android,K,n,22,7,0.318181818
base,tv,ios,R,t,22,12,0.545454545
base,ms,ios,S,h,22,3,0.136363636
base,ms,android,U,v,22,11,0.5
this,tv,ios,K,n,22,10,0.454545455
this,tv,android,N,u,22,10,0.454545455
this,ms,android,N,n,22,1,0.045454545
this,ms,ios,Y,i,22,6,0.272727273
base,ms,ios,O,n,21,2,0.095238095
base,tv,android,R,r,21,7,0.333333333
base,ms,android,R,t,21,10,0.476190476
this,tv,ios,D,n,21,6,0.285714286
this,tv,android,H,n,21,13,0.619047619
this,ms,android,R,t,21,11,0.523809524
this,tv,android,U,r,21,11,0.523809524
base,ms,ios,N,h,20,5,0.25
base,ms,android,P,i,20,12,0.6
base,tv,ios,P,a,20,5,0.25
base,ms,android,R,h,20,0,0
base,ms,android,S,u,20,11,0.55
base,tv,android,s,l,20,8,0.4
base,ms,ios,s,e,20,7,0.35
base,ms,android,s,q,20,7,0.35
base,ms,android,S,r,20,6,0.3
base,ms,android,S,d,20,6,0.3
base,ms,ios,S,a,20,3,0.15
base,tv,android,Y,h,20,10,0.5
base,ms,ios,Y,d,20,9,0.45
this,tv,ios,E,e,20,6,0.3
this,ms,android,P,i,20,11,0.55
this,ems,android,s,n,20,7,0.35
this,ms,ios,T,u,20,7,0.35
this,ms,ios,Y,d,20,4,0.2
base,ms,android,E,u,19,8,0.421052632
base,ms,android,N,o,19,7,0.368421053
base,md,android,N,i,19,9,0.473684211
base,ms,ios,N,r,19,7,0.368421053
base,ms,ios,P,l,19,8,0.421052632
base,ms,ios,P,h,19,4,0.210526316
this,tv,android,H,y,19,7,0.368421053
this,ms,android,N,h,19,3,0.157894737
this,si,android,N,o,19,16,0.842105263
this,ms,ios,R,s,19,8,0.421052632
this,ms,ios,R,r,19,7,0.368421053
this,ms,android,S,r,19,4,0.210526316
this,ms,ios,S,a,19,4,0.210526316
this,ms,android,U,t,19,8,0.421052632
base,ms,android,E,l,18,11,0.611111111
base,ms,ios,E,r,18,3,0.166666667
base,ms,android,E,r,18,5,0.277777778
base,ms,android,E,r,18,6,0.333333333
base,si,android,N,l,18,6,0.333333333
base,si,android,N,e,18,9,0.5
base,ms,android,N,r,18,9,0.5
base,tv,ios,S,s,18,3,0.166666667
this,md,android,D,n,18,9,0.5
this,ms,android,E,n,18,7,0.388888889
this,md,android,N,i,18,9,0.5
this,tv,ios,O,s,18,11,0.611111111
this,ms,android,S,o,18,3,0.166666667
this,tv,android,S,h,18,3,0.166666667
this,ms,android,U,r,18,3,0.166666667
this,tv,ios,Y,n,18,8,0.444444444
base,tv,android,E,i,17,10,0.588235294
base,ems,android,O,s,17,8,0.470588235
base,ms,ios,S,o,17,6,0.352941176
base,ms,android,s,i,17,5,0.294117647
base,ms,android,W,h,17,6,0.352941176
this,si,android,D,h,17,6,0.352941176
this,ms,android,D,h,17,0,0
this,ms,android,E,s,17,5,0.294117647
this,ms,android,K,d,17,8,0.470588235
this,ms,ios,N,r,17,10,0.588235294
this,ms,ios,S,t,17,4,0.235294118
this,tv,android,U,k,17,4,0.235294118
this,tv,android,U,z,17,7,0.411764706
this,tv,ios,W,h,17,12,0.705882353
base,ms,android,E,b,16,6,0.375
base,ms,android,H,i,16,1,0.0625
base,ms,android,R,n,16,7,0.4375
base,ms,android,s,k,16,7,0.4375
base,ms,android,S,h,16,1,0.0625
base,ms,android,T,o,16,5,0.3125
base,tv,ios,Y,s,16,13,0.8125
this,ms,android,E,r,16,7,0.4375
this,tv,android,E,i,16,8,0.5
this,md,android,K,n,16,3,0.1875
this,ms,android,O,r,16,3,0.1875
this,ms,ios,P,l,16,6,0.375
this,tv,android,R,n,16,6,0.375
this,ms,android,s,l,16,9,0.5625
this,ms,android,T,o,16,7,0.4375
this,ms,android,T,u,16,7,0.4375
this,ms,android,U,v,16,7,0.4375
base,ms,android,E,s,15,6,0.4
base,ms,ios,E,r,15,7,0.466666667
base,tv,android,E,d,15,9,0.6
base,tv,android,H,y,15,8,0.533333333
base,ms,android,K,d,15,7,0.466666667
base,ems,android,N,n,15,4,0.266666667
base,md,android,N,n,15,0,0
base,ems,ios,N,n,15,8,0.533333333
base,si,android,N,o,15,4,0.266666667
base,ms,android,R,i,15,3,0.2
base,ms,android,Y,n,15,12,0.8
this,tv,android,D,i,15,4,0.266666667
this,si,android,N,n,15,4,0.266666667
this,ms,ios,P,h,15,6,0.4
this,ms,android,R,n,15,5,0.333333333
this,ems,android,R,s,15,12,0.8
this,ms,android,R,i,15,5,0.333333333
this,ms,android,S,h,15,3,0.2
this,ems,android,X,s,15,9,0.6
base,ms,android,E,n,14,5,0.357142857
base,ems,ios,E,r,14,5,0.357142857
base,tv,android,N,n,14,8,0.571428571
base,ms,android,N,h,14,4,0.285714286
base,tv,ios,O,s,14,7,0.5
base,ms,android,O,r,14,6,0.428571429
base,ms,ios,P,n,14,4,0.285714286
base,ms,android,R,z,14,5,0.357142857
base,ms,ios,R,r,14,3,0.214285714
base,ms,android,s,n,14,8,0.571428571
base,ems,ios,S,h,14,6,0.428571429
base,md,android,S,n,14,5,0.357142857
base,ms,ios,S,s,14,4,0.285714286
base,ms,android,S,o,14,2,0.142857143
base,ms,android,U,i,14,4,0.285714286
base,ems,ios,U,u,14,3,0.214285714
this,ms,ios,E,r,14,2,0.142857143
this,si,android,N,a,14,5,0.357142857
this,ms,android,N,r,14,5,0.357142857
this,tv,android,N,j,14,8,0.571428571
this,si,android,N,e,14,2,0.142857143
this,ms,android,R,o,14,6,0.428571429
this,tv,android,S,r,14,6,0.428571429
this,tv,ios,S,r,14,4,0.285714286
this,ems,ios,S,n,14,1,0.071428571
base,si,android,D,d,13,2,0.153846154
base,tv,ios,D,n,13,9,0.692307692
base,ms,android,E,k,13,2,0.153846154
base,ems,android,H,y,13,6,0.461538462
base,ems,ios,H,n,13,6,0.461538462
base,ms,ios,R,n,13,1,0.076923077
this,tv,ios,D,n,13,6,0.461538462
this,ms,ios,E,u,13,4,0.307692308
this,ems,android,H,y,13,4,0.307692308
this,ems,ios,H,n,13,6,0.461538462
this,ems,android,O,s,13,5,0.384615385
this,ms,ios,P,n,13,3,0.230769231
this,tv,android,R,n,13,5,0.384615385
this,ms,ios,R,r,13,4,0.307692308
this,ms,android,R,h,13,0,0
this,ms,android,R,u,13,5,0.384615385
this,ms,android,s,q,13,4,0.307692308
this,ms,android,s,k,13,4,0.307692308
this,ems,ios,U,u,13,4,0.307692308
base,ms,ios,D,i,12,6,0.5
base,ms,ios,E,t,12,4,0.333333333
base,tv,ios,E,e,12,3,0.25
base,tv,android,N,m,12,3,0.25
base,ms,android,O,i,12,7,0.583333333
base,ms,android,R,h,12,4,0.333333333
base,ms,ios,T,u,12,6,0.5
base,ms,android,T,e,12,3,0.25
base,ms,ios,U,r,12,4,0.333333333
base,md,android,Y,n,12,10,0.833333333
this,ms,android,E,r,12,7,0.583333333
this,ms,ios,E,t,12,1,0.083333333
this,ms,android,H,o,12,7,0.583333333
this,si,android,N,l,12,2,0.166666667
this,ms,android,R,r,12,8,0.666666667
this,ems,ios,S,h,12,4,0.333333333
this,tv,ios,S,s,12,4,0.333333333
this,ms,android,s,k,12,3,0.25
base,ms,android,G,i,11,3,0.272727273
base,ms,android,H,o,11,5,0.454545455
base,si,android,N,n,11,5,0.454545455
base,ms,ios,N,r,11,8,0.727272727
base,tv,android,N,j,11,5,0.454545455
base,tv,ios,N,n,11,3,0.272727273
base,ms,ios,P,u,11,3,0.272727273
base,ms,ios,R,s,11,1,0.090909091
base,ms,android,R,h,11,1,0.090909091
base,tv,android,S,r,11,4,0.363636364
base,ms,android,S,t,11,4,0.363636364
base,si,android,s,n,11,1,0.090909091
base,ms,android,U,o,11,5,0.454545455
base,ems,android,Y,n,11,4,0.363636364
base,tv,android,Y,d,11,6,0.545454545
base,ms,android,Y,i,11,3,0.272727273
this,tv,ios,D,n,11,7,0.636363636
this,ms,android,E,b,11,3,0.272727273
this,ms,android,E,w,11,3,0.272727273
this,ems,android,N,e,11,8,0.727272727
this,tv,ios,N,n,11,4,0.363636364
this,ms,android,O,i,11,3,0.272727273
this,ms,android,R,i,11,1,0.090909091
this,ms,android,R,t,11,4,0.363636364
this,ems,android,R,t,11,4,0.363636364
this,ms,android,s,n,11,4,0.363636364
this,tv,android,s,t,11,2,0.181818182
this,ms,android,U,o,11,4,0.363636364
this,ms,android,U,i,11,3,0.272727273
this,ems,android,Y,n,11,5,0.454545455
base,ms,ios,E,u,10,1,0.1
base,tv,android,K,a,10,4,0.4
base,ms,android,N,i,10,4,0.4
base,tv,ios,P,n,10,2,0.2
base,ms,android,R,z,10,3,0.3
base,tv,android,R,n,10,3,0.3
base,tv,android,S,r,10,4,0.4
base,tv,ios,s,r,10,3,0.3
base,ms,ios,S,u,10,2,0.2
base,ms,ios,S,t,10,2,0.2
base,ms,android,S,t,10,2,0.2
base,ms,android,T,u,10,3,0.3
base,tv,android,T,n,10,6,0.6
base,ms,android,U,y,10,4,0.4
base,ms,ios,W,n,10,7,0.7
base,tv,ios,W,h,10,2,0.2
base,ms,android,X,i,10,4,0.4
this,md,android,D,d,10,9,0.9
this,ms,android,E,k,10,5,0.5
this,ms,ios,N,h,10,4,0.4
this,tv,ios,R,s,10,4,0.4
this,ms,android,S,h,10,4,0.4
this,ms,android,s,l,10,4,0.4
this,ms,android,S,u,10,2,0.2
this,tv,android,s,s,10,2,0.2
this,ms,android,T,e,10,2,0.2
this,ms,android,T,h,10,4,0.4
this,ms,ios,U,i,10,2,0.2
this,tv,ios,U,n,10,3,0.3
this,ms,android,W,h,10,3,0.3
this,tv,android,X,n,10,8,0.8
this,ms,android,Y,r,10,4,0.4
base,tv,ios,D,n,9,4,0.444444444
base,md,android,E,n,9,5,0.555555556
base,ms,ios,H,h,9,7,0.777777778
base,ems,android,K,r,9,6,0.666666667
base,ms,android,K,h,9,0,0
base,tv,android,N,d,9,5,0.555555556
base,ems,android,N,h,9,3,0.333333333
base,ms,android,P,n,9,4,0.444444444
base,ms,android,R,r,9,1,0.111111111
base,ms,android,R,n,9,5,0.555555556
base,ms,android,R,r,9,3,0.333333333
base,ms,android,R,i,9,1,0.111111111
base,tv,ios,R,o,9,5,0.555555556
base,ms,android,s,l,9,4,0.444444444
base,tv,android,S,h,9,3,0.333333333
base,ms,android,S,e,9,3,0.333333333
base,ms,ios,s,r,9,3,0.333333333
base,ms,android,S,h,9,2,0.222222222
base,ms,android,T,k,9,5,0.555555556
base,ms,android,U,r,9,7,0.777777778
base,ms,ios,U,e,9,2,0.222222222
base,ms,ios,W,a,9,2,0.222222222
this,ms,ios,D,i,9,3,0.333333333
this,ms,android,E,l,9,6,0.666666667
this,ms,ios,E,s,9,3,0.333333333
this,ms,ios,E,u,9,3,0.333333333
this,ems,android,H,m,9,4,0.444444444
this,ems,android,N,a,9,8,0.888888889
this,ms,ios,N,u,9,2,0.222222222
this,ems,android,N,n,9,4,0.444444444
this,ms,ios,N,r,9,6,0.666666667
this,ms,android,P,n,9,5,0.555555556
this,ms,android,P,h,9,2,0.222222222
this,ms,ios,P,u,9,4,0.444444444
this,ms,android,R,z,9,4,0.444444444
this,ms,android,R,e,9,4,0.444444444
this,tv,android,S,n,9,7,0.777777778
this,ms,android,S,s,9,5,0.555555556
this,ms,ios,S,u,9,3,0.333333333
this,ms,android,S,t,9,3,0.333333333
this,tv,ios,W,n,9,5,0.555555556
this,tv,ios,Y,s,9,2,0.222222222
this,ms,android,Y,n,9,2,0.222222222
this,tv,android,Y,h,9,6,0.666666667
this,ms,android,Y,i,9,4,0.444444444
base,si,android,D,s,8,1,0.125
base,ms,android,E,w,8,1,0.125
base,ms,android,E,s,8,3,0.375
base,ms,android,G,h,8,0,0
base,ms,ios,K,i,8,5,0.625
base,si,android,N,s,8,5,0.625
base,tv,android,P,n,8,4,0.5
base,ms,android,R,t,8,5,0.625
base,ms,ios,R,r,8,4,0.5
base,ms,android,S,e,8,4,0.5
base,tv,ios,S,i,8,4,0.5
base,ms,android,S,y,8,3,0.375
base,ms,ios,s,t,8,3,0.375
base,ems,android,S,h,8,3,0.375
base,tv,ios,S,r,8,3,0.375
base,tv,android,s,t,8,1,0.125
base,ms,ios,s,h,8,1,0.125
base,tv,android,S,l,8,1,0.125
base,ms,android,T,h,8,2,0.25
base,ms,android,Y,r,8,2,0.25
this,si,android,D,d,8,5,0.625
this,ms,ios,E,i,8,4,0.5
this,ms,android,E,s,8,3,0.375
this,ms,android,E,r,8,1,0.125
this,tv,ios,E,r,8,2,0.25
this,ems,android,E,r,8,5,0.625
this,ms,android,G,r,8,5,0.625
this,tv,android,K,i,8,2,0.25
this,ms,ios,N,r,8,2,0.25
this,ems,ios,N,n,8,1,0.125
this,si,android,N,r,8,3,0.375
this,ms,ios,P,h,8,3,0.375
this,tv,ios,R,o,8,2,0.25
this,ms,ios,R,t,8,1,0.125
this,ms,android,S,k,8,4,0.5
this,ms,ios,s,r,8,3,0.375
this,md,android,S,n,8,3,0.375
this,ms,android,S,a,8,3,0.375
this,ms,android,s,s,8,2,0.25
this,ms,android,S,g,8,1,0.125
this,tv,android,T,n,8,3,0.375
this,ms,android,T,k,8,5,0.625
this,ms,ios,W,a,8,3,0.375
this,ems,android,Y,s,8,2,0.25
base,md,android,D,n,7,6,0.857142857
base,ms,android,E,r,7,4,0.571428571
base,ms,ios,E,s,7,4,0.571428571
base,tv,android,E,e,7,2,0.285714286
base,tv,android,H,l,7,4,0.571428571
base,tv,android,K,i,7,2,0.285714286
base,ms,ios,N,r,7,2,0.285714286
base,si,android,N,a,7,2,0.285714286
base,ms,android,N,n,7,4,0.571428571
base,si,android,N,r,7,1,0.142857143
base,ems,android,N,e,7,7,1
base,ms,android,O,t,7,5,0.714285714
base,ms,android,P,h,7,0,0
base,ms,ios,R,h,7,4,0.571428571
base,ms,ios,R,t,7,2,0.285714286
base,tv,ios,R,n,7,1,0.142857143
base,tv,android,S,r,7,4,0.571428571
base,tv,android,s,s,7,3,0.428571429
base,ems,ios,S,i,7,2,0.285714286
base,ems,ios,S,n,7,2,0.285714286
base,ms,android,s,k,7,2,0.285714286
base,ms,android,S,g,7,1,0.142857143
base,tv,ios,U,n,7,3,0.428571429
base,ms,android,W,a,7,4,0.571428571
base,ms,android,X,r,7,3,0.428571429
base,ems,android,X,s,7,2,0.285714286
this,tv,android,D,r,7,2,0.285714286
this,si,android,D,r,7,0,0
this,tv,android,E,e,7,5,0.714285714
this,ms,android,E,o,7,2,0.285714286
this,tv,ios,E,n,7,2,0.285714286
this,ms,android,E,l,7,2,0.285714286
this,md,android,E,n,7,6,0.857142857
this,ems,ios,E,r,7,1,0.142857143
this,ms,android,G,i,7,2,0.285714286
this,ms,ios,H,h,7,3,0.428571429
this,tv,android,N,m,7,0,0
this,tv,ios,N,e,7,2,0.285714286
this,ms,android,P,t,7,5,0.714285714
this,tv,android,R,s,7,4,0.571428571
this,ms,android,R,l,7,4,0.571428571
this,tv,android,R,n,7,7,1
this,ms,android,R,h,7,2,0.285714286
this,ms,android,S,g,7,4,0.571428571
this,tv,android,S,n,7,4,0.571428571
this,tv,ios,S,u,7,4,0.571428571
this,ms,android,S,n,7,4,0.571428571
this,ms,android,s,s,7,3,0.428571429
this,tv,android,s,u,7,2,0.285714286
this,ms,android,S,a,7,0,0
this,tv,ios,S,r,7,0,0
this,ms,ios,W,n,7,0,0
this,md,android,Y,n,7,6,0.857142857
this,tv,android,Y,d,7,3,0.428571429
base,si,android,D,n,6,1,0.166666667
base,si,android,D,h,6,6,1
base,si,android,D,n,6,2,0.333333333
base,md,android,D,n,6,4,0.666666667
base,ms,android,E,o,6,3,0.5
base,ms,ios,E,i,6,1,0.166666667
base,ms,ios,E,r,6,0,0
base,tv,android,E,u,6,1,0.166666667
base,ems,ios,E,n,6,2,0.333333333
base,tv,ios,E,r,6,3,0.5
base,ems,android,H,m,6,2,0.333333333
base,ms,ios,K,a,6,4,0.666666667
base,ms,ios,N,h,6,2,0.333333333
base,si,android,N,a,6,2,0.333333333
base,si,android,N,u,6,1,0.166666667
base,si,android,N,r,6,1,0.166666667
base,ms,ios,P,t,6,1,0.166666667
base,ms,ios,P,o,6,1,0.166666667
base,ms,ios,R,s,6,3,0.5
base,ms,android,R,i,6,1,0.166666667
base,ems,android,R,s,6,5,0.833333333
base,ms,android,R,a,6,5,0.833333333
base,tv,android,R,t,6,4,0.666666667
base,tv,ios,S,h,6,3,0.5
base,ms,android,S,a,6,3,0.5
base,ms,android,S,n,6,3,0.5
base,ms,android,S,a,6,3,0.5
base,ms,android,S,k,6,2,0.333333333
base,ms,android,T,t,6,3,0.5
base,ms,android,U,t,6,4,0.666666667
base,tv,android,X,n,6,3,0.5
base,ms,android,Y,m,6,1,0.166666667
base,ms,android,Y,o,6,2,0.333333333
this,ms,android,D,r,6,4,0.666666667
this,md,android,D,n,6,6,1
this,ms,android,D,s,6,0,0
this,ms,android,D,d,6,2,0.333333333
this,si,android,D,n,6,2,0.333333333
this,tv,ios,D,n,6,3,0.5
this,ems,ios,E,n,6,2,0.333333333
this,ms,ios,E,i,6,1,0.166666667
this,tv,android,E,n,6,2,0.333333333
this,tv,android,E,a,6,3,0.5
this,ms,android,E,t,6,3,0.5
this,ms,android,H,i,6,1,0.166666667
this,tv,android,H,l,6,4,0.666666667
this,ms,ios,H,u,6,1,0.166666667
this,ms,ios,K,a,6,1,0.166666667
this,ms,ios,N,s,6,4,0.666666667
this,ms,ios,N,h,6,0,0
this,si,android,N,r,6,0,0
this,ms,android,N,n,6,2,0.333333333
this,ms,android,N,s,6,3,0.5
this,si,android,N,a,6,1,0.166666667
this,tv,ios,N,a,6,3,0.5
this,ms,ios,R,n,6,4,0.666666667
this,ms,android,R,a,6,2,0.333333333
this,ms,ios,R,e,6,2,0.333333333
this,ms,android,S,t,6,4,0.666666667
this,ems,android,s,y,6,4,0.666666667
this,ms,ios,s,h,6,2,0.333333333
this,ems,ios,S,i,6,1,0.166666667
this,ems,ios,s,h,6,1,0.166666667
this,ms,android,s,e,6,1,0.166666667
this,ems,android,S,h,6,0,0
this,ms,android,T,i,6,4,0.666666667
this,ms,android,T,t,6,1,0.166666667
this,ms,ios,U,r,6,1,0.166666667
this,ms,android,U,t,6,3,0.5
this,ms,android,X,i,6,1,0.166666667
base,ms,android,E,r,5,2,0.4
base,ms,android,E,r,5,2,0.4
base,ms,android,E,h,5,0,0
base,ms,android,E,i,5,3,0.6
base,tv,ios,H,n,5,3,0.6
base,ems,android,H,i,5,4,0.8
base,ms,android,N,n,5,4,0.8
base,tv,android,N,y,5,1,0.2
base,tv,ios,R,s,5,1,0.2
base,ems,android,R,t,5,0,0
base,ms,android,R,k,5,1,0.2
base,ms,android,R,n,5,1,0.2
base,ms,android,R,e,5,1,0.2
base,tv,android,R,n,5,3,0.6
base,ms,ios,R,h,5,3,0.6
base,ms,android,s,l,5,4,0.8
base,tv,android,s,o,5,3,0.6
base,ms,android,s,i,5,2,0.4
base,ms,android,S,g,5,2,0.4
base,ems,android,S,h,5,1,0.2
base,tv,android,S,u,5,1,0.2
base,tv,ios,S,r,5,1,0.2
base,tv,android,S,i,5,1,0.2
base,ms,ios,s,n,5,1,0.2
base,ms,android,S,t,5,0,0
base,ms,android,T,i,5,1,0.2
base,ms,android,U,t,5,1,0.2
base,tv,android,W,i,5,1,0.2
base,ms,android,W,s,5,3,0.6
base,md,android,Y,n,5,3,0.6
base,si,android,Y,n,5,3,0.6
this,ms,ios,E,r,5,1,0.2
this,ms,android,E,a,5,2,0.4
this,tv,android,E,n,5,3,0.6
this,ems,android,G,n,5,0,0
this,ms,android,H,a,5,1,0.2
this,ms,android,H,i,5,2,0.4
this,tv,ios,H,n,5,3,0.6
this,ms,android,H,r,5,2,0.4
this,tv,ios,K,r,5,4,0.8
this,ms,android,K,h,5,1,0.2
this,ms,ios,K,i,5,0,0
this,ems,android,N,n,5,4,0.8
this,ms,android,N,n,5,3,0.6
this,ms,ios,N,n,5,2,0.4
this,ms,android,N,i,5,1,0.2
this,si,android,N,u,5,4,0.8
this,tv,android,N,r,5,3,0.6
this,ms,ios,N,o,5,2,0.4
this,ms,ios,P,t,5,1,0.2
this,ms,android,R,r,5,3,0.6
this,tv,android,R,u,5,3,0.6
this,ms,ios,R,r,5,1,0.2
this,ms,ios,R,n,5,2,0.4
this,ms,ios,R,u,5,2,0.4
this,ems,android,R,o,5,0,0
this,ms,android,R,z,5,1,0.2
this,ms,android,R,z,5,2,0.4
this,ms,android,s,i,5,3,0.6
this,tv,android,S,u,5,3,0.6
this,ms,ios,S,s,5,2,0.4
this,tv,android,S,r,5,2,0.4
this,tv,android,s,y,5,2,0.4
this,si,android,s,n,5,2,0.4
this,tv,ios,S,h,5,2,0.4
this,ms,android,S,u,5,1,0.2
this,tv,ios,S,i,5,1,0.2
this,ms,ios,s,n,5,1,0.2
this,ms,android,S,l,5,1,0.2
this,ms,android,S,q,5,1,0.2
this,si,android,S,n,5,0,0
this,tv,android,S,l,5,0,0
this,ms,android,U,t,5,3,0.6
this,ms,ios,U,e,5,1,0.2
this,ms,android,U,n,5,5,1
this,ms,android,U,i,5,2,0.4
this,ms,ios,W,h,5,3,0.6
this,ms,ios,Y,r,5,0,0
this,ems,android,Y,h,5,1,0.2
this,ems,android,Y,n,5,4,0.8
this,ms,android,Y,m,5,2,0.4
this,tv,android,Y,a,5,2,0.4
this,tv,android,Y,y,5,2,0.4
base,tv,android,D,r,4,2,0.5
base,ms,android,D,r,4,3,0.75
base,tv,android,D,s,4,2,0.5
base,ms,android,E,t,4,1,0.25
base,tv,android,E,t,4,3,0.75
base,ems,android,E,i,4,3,0.75
base,ems,android,E,r,4,0,0
base,ms,android,E,t,4,1,0.25
base,ms,android,E,u,4,1,0.25
base,ms,android,G,r,4,1,0.25
base,ms,android,H,o,4,2,0.5
base,ms,ios,H,u,4,0,0
base,ms,ios,H,i,4,0,0
base,ms,android,H,a,4,0,0
base,ms,android,H,r,4,2,0.5
base,ms,android,H,i,4,1,0.25
base,ms,android,H,i,4,0,0
base,ms,ios,K,r,4,2,0.5
base,si,android,K,n,4,1,0.25
base,ms,ios,N,s,4,1,0.25
base,ms,ios,N,o,4,2,0.5
base,ms,ios,N,u,4,0,0
base,tv,ios,N,l,4,4,1
base,tv,ios,N,e,4,1,0.25
base,sd,android,N,n,4,2,0.5
base,ms,ios,N,r,4,3,0.75
base,ms,android,P,s,4,2,0.5
base,ms,android,P,o,4,2,0.5
base,ms,android,R,i,4,0,0
base,ems,android,R,o,4,2,0.5
base,tv,android,R,n,4,1,0.25
base,tv,android,R,r,4,2,0.5
base,ms,android,R,r,4,1,0.25
base,ms,ios,R,r,4,2,0.5
base,ms,android,R,q,4,0,0
base,tv,ios,R,n,4,0,0
base,tv,android,R,s,4,1,0.25
base,tv,android,R,r,4,3,0.75
base,ms,android,S,r,4,3,0.75
base,tv,android,s,y,4,3,0.75
base,ms,android,S,r,4,3,0.75
base,tv,android,S,n,4,3,0.75
base,tv,android,s,r,4,3,0.75
base,tv,android,S,n,4,3,0.75
base,tv,android,s,u,4,2,0.5
base,ms,android,S,s,4,2,0.5
base,tv,android,S,n,4,2,0.5
base,si,android,S,n,4,1,0.25
base,ms,android,S,u,4,1,0.25
base,ms,android,S,l,4,1,0.25
base,ms,ios,S,r,4,1,0.25
base,ms,ios,s,a,4,0,0
base,ms,android,s,e,4,0,0
base,tv,android,S,t,4,0,0
base,tv,ios,S,u,4,0,0
base,ms,android,S,l,4,0,0
base,tv,android,T,s,4,3,0.75
base,ms,android,T,a,4,2,0.5
base,tv,android,T,r,4,1,0.25
base,tv,ios,T,n,4,0,0
base,ms,ios,U,i,4,2,0.5
base,ms,android,U,i,4,2,0.5
base,ems,android,U,r,4,4,1
base,ms,android,W,i,4,0,0
base,md,android,W,n,4,3,0.75
base,ems,android,Y,s,4,0,0
base,ems,android,Y,n,4,2,0.5
base,ms,android,Y,a,4,2,0.5
base,ms,ios,Y,r,4,1,0.25
this,tv,android,D,s,4,3,0.75
this,ems,android,D,n,4,3,0.75
this,ms,ios,E,n,4,1,0.25
this,ms,ios,E,s,4,2,0.5
this,ms,android,E,n,4,0,0
this,tv,android,E,r,4,0,0
this,tv,android,E,n,4,3,0.75
this,ms,android,E,u,4,2,0.5
this,ms,android,E,h,4,2,0.5
this,ms,ios,E,r,4,3,0.75
this,ms,android,E,r,4,3,0.75
this,ms,android,E,g,4,2,0.5
this,ms,android,E,i,4,2,0.5
this,tv,ios,E,r,4,3,0.75
this,ms,android,G,h,4,0,0
this,ms,android,H,o,4,2,0.5
this,ms,ios,H,h,4,0,0
this,ms,android,H,r,4,1,0.25
this,ms,ios,H,l,4,0,0
this,ms,ios,K,d,4,0,0
this,si,android,K,n,4,1,0.25
this,tv,android,K,r,4,2,0.5
this,si,android,K,n,4,1,0.25
this,tv,ios,N,a,4,2,0.5
this,ms,ios,N,o,4,1,0.25
this,ems,android,N,m,4,4,1
this,ms,ios,N,a,4,0,0
this,md,android,N,n,4,0,0
this,ms,android,N,s,4,2,0.5
this,ms,android,O,t,4,2,0.5
this,tv,android,P,n,4,4,1
this,tv,ios,P,i,4,1,0.25
this,ms,ios,P,s,4,3,0.75
this,ms,ios,R,r,4,3,0.75
this,ms,android,R,i,4,3,0.75
this,ms,ios,R,u,4,0,0
this,ems,android,R,r,4,3,0.75
this,tv,ios,R,r,4,1,0.25
this,tv,android,R,n,4,4,1
this,ms,ios,R,h,4,1,0.25
this,ms,ios,s,t,4,2,0.5
this,ms,android,S,z,4,1,0.25
this,tv,android,s,g,4,1,0.25
this,ms,android,S,a,4,1,0.25
this,ms,android,S,l,4,1,0.25
this,ems,ios,S,s,4,1,0.25
this,ms,ios,S,r,4,0,0
this,tv,ios,S,e,4,0,0
this,ems,android,S,h,4,0,0
this,ms,android,T,a,4,1,0.25
this,ms,ios,T,s,4,2,0.5
this,ms,ios,T,e,4,2,0.5
this,tv,android,T,s,4,4,1
this,ms,android,U,s,4,1,0.25
this,ms,android,U,r,4,1,0.25
this,ems,android,W,n,4,2,0.5
this,ms,android,W,a,4,2,0.5
this,ms,ios,W,r,4,0,0
this,ms,android,W,i,4,0,0
this,ems,android,W,h,4,3,0.75
this,ms,ios,Y,h,4,2,0.5
base,tv,ios,D,n,3,2,0.666666667
base,ms,android,D,d,3,2,0.666666667
base,ms,android,D,s,3,2,0.666666667
base,tv,android,D,i,3,3,1
base,ems,android,D,n,3,0,0
base,ms,ios,D,i,3,1,0.333333333
base,tv,android,E,n,3,2,0.666666667
base,tv,android,E,a,3,0,0
base,tv,android,E,r,3,0,0
base,tv,ios,E,n,3,0,0
base,ms,ios,E,i,3,1,0.333333333
base,ms,android,E,l,3,1,0.333333333
base,ms,android,E,i,3,1,0.333333333
base,tv,ios,E,r,3,1,0.333333333
base,ms,android,E,r,3,1,0.333333333
base,ms,android,E,u,3,2,0.666666667
base,ms,ios,E,e,3,0,0
base,ms,ios,E,i,3,0,0
base,ms,android,E,z,3,0,0
base,ems,android,E,n,3,2,0.666666667
base,ems,android,G,n,3,0,0
base,ms,ios,H,i,3,1,0.333333333
base,ms,android,H,s,3,2,0.666666667
base,ms,android,H,n,3,3,1
base,ms,android,H,r,3,1,0.333333333
base,tv,android,K,j,3,1,0.333333333
base,ms,ios,K,r,3,1,0.333333333
base,tv,ios,N,a,3,2,0.666666667
base,ms,ios,N,o,3,2,0.666666667
base,ems,android,N,n,3,3,1
base,ms,android,N,s,3,2,0.666666667
base,ms,ios,N,h,3,1,0.333333333
base,ms,android,N,s,3,0,0
base,ms,ios,P,r,3,1,0.333333333
base,ms,android,P,i,3,1,0.333333333
base,tv,android,R,n,3,1,0.333333333
base,tv,android,R,n,3,1,0.333333333
base,ms,android,R,g,3,1,0.333333333
base,ms,android,R,o,3,1,0.333333333
base,ms,android,R,i,3,1,0.333333333
base,ms,android,R,n,3,1,0.333333333
base,ms,android,R,r,3,2,0.666666667
base,ms,android,R,l,3,2,0.666666667
base,tv,ios,S,e,3,3,1
base,tv,android,s,u,3,2,0.666666667
base,ms,ios,s,y,3,2,0.666666667
base,ems,ios,s,i,3,1,0.333333333
base,tv,ios,S,h,3,1,0.333333333
base,tv,android,s,r,3,1,0.333333333
base,ms,ios,s,o,3,1,0.333333333
base,tv,android,s,g,3,0,0
base,ms,android,S,z,3,0,0
base,tv,android,S,e,3,0,0
base,ems,ios,S,h,3,0,0
base,ms,ios,T,r,3,2,0.666666667
base,ms,ios,T,h,3,1,0.333333333
base,ms,ios,T,r,3,1,0.333333333
base,ms,android,T,g,3,1,0.333333333
base,ms,android,T,r,3,2,0.666666667
base,ms,ios,U,r,3,2,0.666666667
base,ms,android,U,n,3,1,0.333333333
base,ms,android,U,e,3,2,0.666666667
base,tv,ios,U,r,3,1,0.333333333
base,ms,android,W,o,3,0,0
base,ems,android,W,n,3,2,0.666666667
base,ms,ios,W,o,3,1,0.333333333
base,ms,ios,W,u,3,0,0
base,ms,android,W,r,3,1,0.333333333
base,ems,android,W,n,3,3,1
base,tv,android,X,i,3,3,1
base,ms,android,X,n,3,2,0.666666667
base,tv,android,Y,y,3,2,0.666666667
base,ms,android,Y,l,3,3,1
base,tv,android,Y,a,3,1,0.333333333
this,ms,ios,D,r,3,1,0.333333333
this,tv,android,D,r,3,0,0
this,ms,ios,E,r,3,0,0
this,ms,android,E,i,3,0,0
this,tv,android,E,b,3,1,0.333333333
this,ms,android,E,r,3,1,0.333333333
this,ms,android,E,h,3,1,0.333333333
this,ms,android,E,i,3,2,0.666666667
this,ms,android,E,r,3,2,0.666666667
this,tv,ios,E,n,3,1,0.333333333
this,ems,android,E,n,3,2,0.666666667
this,ms,android,H,r,3,0,0
this,ms,android,H,s,3,1,0.333333333
this,ms,android,H,e,3,1,0.333333333
this,ms,ios,H,r,3,0,0
this,tv,android,K,j,3,0,0
this,tv,android,K,r,3,2,0.666666667
this,tv,android,N,r,3,2,0.666666667
this,tv,android,N,s,3,2,0.666666667
this,tv,android,N,t,3,0,0
this,ms,ios,N,y,3,0,0
this,md,android,N,s,3,1,0.333333333
this,tv,android,N,y,3,1,0.333333333
this,ms,ios,N,u,3,1,0.333333333
this,ms,ios,N,r,3,1,0.333333333
this,ms,android,N,s,3,2,0.666666667
this,sd,android,N,n,3,1,0.333333333
this,ms,ios,N,e,3,0,0
this,ems,android,N,h,3,1,0.333333333
this,ms,ios,O,r,3,1,0.333333333
this,tv,android,O,n,3,3,1
this,ms,android,P,s,3,0,0
this,ems,android,R,h,3,2,0.666666667
this,ms,ios,R,r,3,0,0
this,tv,android,R,i,3,1,0.333333333
this,ms,android,R,n,3,1,0.333333333
this,tv,android,R,u,3,2,0.666666667
this,tv,ios,R,n,3,2,0.666666667
this,tv,ios,R,n,3,1,0.333333333
this,tv,android,R,n,3,2,0.666666667
this,ms,android,R,e,3,0,0
this,ms,ios,R,s,3,2,0.666666667
this,ms,android,R,i,3,0,0
this,ms,ios,R,h,3,2,0.666666667
this,ms,ios,R,r,3,1,0.333333333
this,ms,ios,R,t,3,1,0.333333333
this,ms,android,R,i,3,2,0.666666667
this,tv,android,R,l,3,2,0.666666667
this,ms,ios,R,e,3,2,0.666666667
this,tv,ios,R,n,3,1,0.333333333
this,md,android,S,n,3,3,1
this,tv,android,s,n,3,3,1
this,ms,android,S,t,3,3,1
this,tv,ios,s,r,3,2,0.666666667
this,ems,android,S,s,3,2,0.666666667
this,ms,ios,s,o,3,2,0.666666667
this,tv,android,S,o,3,2,0.666666667
this,ms,ios,S,i,3,2,0.666666667
this,ms,android,s,o,3,2,0.666666667
this,tv,android,s,r,3,2,0.666666667
this,ems,android,s,r,3,1,0.333333333
this,tv,ios,s,u,3,1,0.333333333
this,ms,android,S,y,3,1,0.333333333
this,ms,android,S,k,3,1,0.333333333
this,ms,android,S,z,3,1,0.333333333
this,tv,android,S,t,3,1,0.333333333
this,ms,android,S,n,3,1,0.333333333
this,ems,ios,S,h,3,1,0.333333333
this,ms,android,S,l,3,0,0
this,si,android,S,n,3,0,0
this,ms,ios,s,a,3,0,0
this,ms,android,S,l,3,0,0
this,tv,android,s,k,3,0,0
this,tv,android,s,r,3,0,0
this,tv,ios,S,t,3,0,0
this,tv,ios,s,s,3,0,0
this,tv,android,s,q,3,0,0
this,tv,android,S,a,3,0,0
this,ms,android,T,r,3,1,0.333333333
this,tv,android,T,u,3,3,1
this,tv,ios,U,r,3,1,0.333333333
this,ems,android,U,r,3,2,0.666666667
this,md,android,W,n,3,2,0.666666667
this,ms,ios,W,u,3,1,0.333333333
this,tv,android,X,i,3,3,1
this,tv,ios,Y,h,3,1,0.333333333
this,ms,android,Y,r,3,1,0.333333333
this,ms,android,Y,a,3,1,0.333333333
this,md,android,Y,n,3,0,0
base,ms,android,D,i,2,0,0
base,tv,android,D,e,2,2,1
base,ms,android,D,s,2,0,0
base,si,android,D,r,2,1,0.5
base,ms,ios,D,h,2,1,0.5
base,ems,android,D,i,2,0,0
base,ms,android,D,s,2,1,0.5
base,ms,android,D,r,2,1,0.5
base,md,android,D,d,2,1,0.5
base,tv,android,D,n,2,2,1
base,ms,android,E,l,2,1,0.5
base,tv,android,E,b,2,1,0.5
base,tv,android,E,n,2,2,1
base,ms,android,E,l,2,0,0
base,tv,ios,E,n,2,0,0
base,ms,android,E,h,2,2,1
base,tv,android,E,v,2,1,0.5
base,ms,android,E,h,2,1,0.5
base,tv,ios,E,i,2,1,0.5
base,ms,android,E,a,2,0,0
base,tv,android,E,n,2,0,0
base,tv,android,E,u,2,1,0.5
base,ms,android,E,k,2,1,0.5
base,tv,android,E,k,2,2,1
base,tv,ios,E,v,2,0,0
base,ms,ios,E,h,2,0,0
base,ms,ios,E,r,2,2,1
base,tv,android,E,n,2,2,1
base,tv,android,E,r,2,2,1
base,ems,android,E,d,2,1,0.5
base,ms,ios,E,o,2,2,1
base,ms,ios,H,h,2,1,0.5
base,ms,android,H,s,2,2,1
base,ms,ios,H,l,2,2,1
base,ms,android,H,n,2,1,0.5
base,ms,android,H,a,2,1,0.5
base,ms,android,H,s,2,0,0
base,tv,android,K,n,2,1,0.5
base,si,android,K,n,2,0,0
base,ms,android,K,r,2,0,0
base,ms,ios,K,r,2,1,0.5
base,ms,ios,N,n,2,1,0.5
base,ems,android,N,r,2,2,1
base,tv,android,N,r,2,1,0.5
base,ms,android,N,s,2,1,0.5
base,ms,ios,N,y,2,0,0
base,ms,android,N,u,2,0,0
base,ms,android,N,n,2,1,0.5
base,md,android,N,n,2,1,0.5
base,tv,ios,N,a,2,1,0.5
base,ems,android,N,a,2,1,0.5
base,tv,android,N,r,2,1,0.5
base,ms,ios,N,u,2,0,0
base,ems,ios,N,i,2,2,1
base,ems,android,N,m,2,0,0
base,si,android,N,h,2,0,0
base,tv,android,O,n,2,0,0
base,ms,ios,P,d,2,0,0
base,tv,ios,P,i,2,1,0.5
base,ms,ios,P,h,2,0,0
base,tv,ios,P,t,2,1,0.5
base,ms,android,P,r,2,0,0
base,ms,android,R,z,2,1,0.5
base,ms,android,R,a,2,1,0.5
base,ms,android,R,t,2,1,0.5
base,ms,android,R,r,2,1,0.5
base,ms,android,R,s,2,1,0.5
base,ms,android,R,d,2,1,0.5
base,ms,ios,R,r,2,0,0
base,ems,ios,R,h,2,0,0
base,ms,android,R,t,2,0,0
base,ms,ios,R,a,2,0,0
base,tv,ios,R,e,2,0,0
base,tv,ios,R,r,2,2,1
base,tv,ios,R,i,2,2,1
base,ms,ios,R,r,2,0,0
base,ms,android,R,e,2,2,1
base,ms,android,R,r,2,1,0.5
base,ms,ios,R,u,2,2,1
base,tv,android,R,l,2,1,0.5
base,ms,ios,R,r,2,1,0.5
base,ms,android,S,u,2,1,0.5
base,ms,android,S,l,2,1,0.5
base,ms,android,S,n,2,1,0.5
base,md,android,S,n,2,1,0.5
base,ms,android,S,s,2,1,0.5
base,ms,ios,S,e,2,1,0.5
base,ems,ios,s,h,2,1,0.5
base,tv,android,s,k,2,1,0.5
base,ms,android,S,z,2,1,0.5
base,ms,android,s,o,2,1,0.5
base,ms,android,S,q,2,1,0.5
base,tv,ios,s,u,2,0,0
base,ms,android,S,a,2,0,0
base,ms,android,S,l,2,0,0
base,tv,android,S,u,2,0,0
base,si,android,s,n,2,0,0
base,si,android,S,n,2,0,0
base,tv,ios,s,r,2,0,0
base,ms,android,S,k,2,0,0
base,ms,ios,S,h,2,0,0
base,ms,ios,S,t,2,0,0
base,tv,android,s,l,2,0,0
base,ms,android,S,l,2,0,0
base,ms,ios,T,r,2,1,0.5
base,ms,android,T,q,2,0,0
base,ms,ios,T,e,2,0,0
base,ms,ios,T,h,2,1,0.5
base,ems,android,U,z,2,0,0
base,md,android,U,n,2,1,0.5
base,tv,android,U,t,2,1,0.5
base,ms,android,U,a,2,0,0
base,ms,android,U,r,2,0,0
base,ms,ios,U,o,2,1,0.5
base,ems,android,W,h,2,0,0
base,ems,ios,W,i,2,0,0
base,tv,ios,W,n,2,1,0.5
base,ms,ios,W,r,2,0,0
base,ms,android,W,d,2,1,0.5
base,ms,android,W,r,2,0,0
base,ms,android,X,t,2,1,0.5
base,ms,ios,X,r,2,0,0
base,ms,android,X,t,2,1,0.5
base,ms,ios,X,r,2,1,0.5
base,tv,android,Y,i,2,1,0.5
base,ms,ios,Y,h,2,1,0.5
base,ems,android,Y,h,2,1,0.5
base,ms,android,Y,s,2,0,0
this,ms,android,D,o,2,0,0
this,si,android,D,r,2,1,0.5
this,ms,android,D,a,2,1,0.5
this,si,android,D,s,2,2,1
this,ms,ios,D,i,2,1,0.5
this,ms,android,D,e,2,0,0
this,si,android,D,n,2,0,0
this,md,android,D,s,2,1,0.5
this,tv,android,E,n,2,0,0
this,ms,ios,E,a,2,0,0
this,tv,android,E,u,2,0,0
this,ms,ios,E,e,2,1,0.5
this,tv,android,E,i,2,1,0.5
this,tv,android,E,r,2,1,0.5
this,tv,android,E,t,2,0,0
this,ms,android,E,a,2,1,0.5
this,ms,android,E,w,2,0,0
this,ms,ios,E,s,2,2,1
this,md,android,E,d,2,0,0
this,tv,android,E,r,2,1,0.5
this,si,android,E,n,2,1,0.5
this,ms,android,E,y,2,0,0
this,tv,android,E,r,2,2,1
this,ms,android,E,k,2,0,0
this,ms,android,E,a,2,0,0
this,ms,android,E,s,2,0,0
this,tv,android,E,r,2,2,1
this,ms,android,E,t,2,1,0.5
this,ms,android,E,e,2,0,0
this,ems,android,E,e,2,1,0.5
this,ms,ios,E,t,2,0,0
this,ms,android,E,s,2,0,0
this,tv,ios,E,r,2,2,1
this,ms,android,E,a,2,0,0
this,ms,android,H,t,2,0,0
this,ms,android,H,e,2,0,0
this,ms,android,H,n,2,1,0.5
this,ms,android,H,u,2,1,0.5
this,ems,android,H,h,2,1,0.5
this,ms,android,H,a,2,1,0.5
this,ms,ios,H,r,2,2,1
this,ms,android,H,s,2,0,0
this,ms,ios,H,i,2,0,0
this,ms,android,H,h,2,0,0
this,ms,android,H,s,2,2,1
this,ms,android,H,n,2,0,0
this,ms,android,H,a,2,0,0
this,ms,android,H,z,2,0,0
this,ms,ios,K,r,2,1,0.5
this,tv,android,K,n,2,0,0
this,tv,android,K,a,2,0,0
this,ms,ios,K,r,2,0,0
this,ms,android,N,u,2,1,0.5
this,tv,ios,N,r,2,1,0.5
this,ms,android,N,i,2,0,0
this,ems,android,N,r,2,2,1
this,tv,android,N,h,2,1,0.5
this,si,android,N,r,2,0,0
this,ms,ios,N,i,2,0,0
this,ms,android,N,a,2,0,0
this,ems,ios,N,h,2,0,0
this,si,android,N,n,2,0,0
this,tv,ios,N,l,2,0,0
this,si,android,N,s,2,0,0
this,ms,ios,N,h,2,0,0
this,tv,android,N,n,2,1,0.5
this,tv,ios,N,n,2,1,0.5
this,ms,android,N,t,2,0,0
this,tv,ios,N,n,2,1,0.5
this,ems,android,N,n,2,1,0.5
this,ms,android,N,e,2,0,0
this,ms,android,N,i,2,0,0
this,ms,android,N,u,2,1,0.5
this,tv,android,N,h,2,0,0
this,ms,android,O,i,2,1,0.5
this,ms,ios,O,u,2,1,0.5
this,tv,android,O,t,2,0,0
this,ms,android,O,t,2,1,0.5
this,ms,android,O,r,2,1,0.5
this,tv,android,P,i,2,0,0
this,ms,android,P,h,2,0,0
this,ems,ios,P,a,2,1,0.5
this,ms,ios,P,r,2,2,1
this,ms,android,P,i,2,1,0.5
this,tv,ios,P,n,2,0,0
this,ems,android,R,n,2,2,1
this,ms,android,R,a,2,1,0.5
this,ms,android,R,g,2,0,0
this,ms,android,R,n,2,1,0.5
this,ems,ios,R,r,2,1,0.5
this,ms,ios,R,t,2,0,0
this,ms,ios,R,r,2,0,0
this,ms,ios,R,h,2,1,0.5
this,ms,ios,R,e,2,0,0
this,ms,android,R,r,2,0,0
this,tv,ios,R,t,2,1,0.5
this,ms,android,R,r,2,1,0.5
this,ems,android,R,i,2,1,0.5
this,tv,android,R,r,2,0,0
this,ms,android,R,k,2,1,0.5
this,ms,android,R,n,2,0,0
this,ms,android,R,h,2,1,0.5
this,tv,android,R,h,2,1,0.5
this,tv,android,s,s,2,2,1
this,ems,android,S,s,2,2,1
this,ms,android,S,r,2,2,1
this,ms,android,S,v,2,1,0.5
this,ems,ios,S,r,2,1,0.5
this,tv,android,S,y,2,1,0.5
this,tv,android,s,o,2,1,0.5
this,tv,android,S,i,2,1,0.5
this,ms,ios,s,t,2,1,0.5
this,ms,android,S,o,2,1,0.5
this,ms,android,s,o,2,1,0.5
this,ems,android,s,h,2,1,0.5
this,ems,android,s,r,2,1,0.5
this,tv,ios,S,n,2,1,0.5
this,tv,android,S,s,2,1,0.5
this,ms,ios,S,n,2,0,0
this,ms,android,S,i,2,0,0
this,ms,android,S,l,2,0,0
this,sd,android,S,n,2,0,0
this,tv,ios,s,i,2,0,0
this,ms,android,S,e,2,0,0
this,ems,android,S,i,2,0,0
this,tv,android,s,l,2,0,0
this,ems,android,S,u,2,0,0
this,tv,android,T,r,2,0,0
this,ms,ios,T,r,2,0,0
this,ms,ios,T,r,2,2,1
this,ms,ios,T,h,2,0,0
this,ms,android,T,l,2,1,0.5
this,ems,android,U,z,2,2,1
this,ms,ios,U,s,2,2,1
this,ms,android,U,a,2,1,0.5
this,ms,android,U,s,2,1,0.5
this,ms,ios,U,r,2,0,0
this,ms,android,U,a,2,1,0.5
this,ms,ios,U,h,2,0,0
this,tv,android,U,k,2,2,1
this,ms,android,U,y,2,2,1
this,ems,android,U,z,2,1,0.5
this,ms,android,W,s,2,0,0
this,ms,android,W,o,2,2,1
this,tv,ios,W,i,2,0,0
this,ms,ios,W,o,2,0,0
this,ms,android,X,i,2,2,1
this,tv,ios,X,n,2,0,0
this,ms,android,X,r,2,0,0
this,ms,android,X,r,2,2,1
this,ms,android,Y,s,2,1,0.5
this,ms,android,Y,o,2,1,0.5
this,ems,android,Y,h,2,1,0.5
this,ems,android,Y,i,2,0,0
this,ms,ios,Y,a,2,1,0.5
this,ms,ios,Y,s,2,2,1
this,ms,ios,Y,r,2,0,0
this,ms,ios,Y,u,2,1,0.5
this,tv,android,Y,i,2,1,0.5
base,tv,android,D,s,1,1,1
base,ms,android,D,u,1,1,1
base,ms,android,D,n,1,1,1
base,ems,ios,D,n,1,0,0
base,si,android,D,h,1,0,0
base,ms,android,D,e,1,0,0
base,si,android,D,y,1,0,0
base,ems,android,D,i,1,0,0
base,ms,android,D,n,1,0,0
base,md,android,D,i,1,0,0
base,si,android,D,d,1,0,0
base,md,android,D,e,1,0,0
base,ems,ios,D,n,1,1,1
base,ms,android,D,e,1,1,1
base,ms,android,D,t,1,0,0
base,ms,android,D,h,1,0,0
base,md,android,D,n,1,0,0
base,ms,ios,D,s,1,0,0
base,ms,ios,D,r,1,1,1
base,ms,ios,D,a,1,0,0
base,si,android,D,t,1,0,0
base,ms,android,D,a,1,0,0
base,ms,android,D,e,1,0,0
base,tv,android,D,r,1,0,0
base,ms,android,D,f,1,0,0
base,tv,android,D,r,1,1,1
base,si,android,E,n,1,0,0
base,ms,android,E,i,1,0,0
base,ms,ios,E,r,1,1,1
base,tv,android,E,a,1,0,0
base,ems,ios,E,r,1,0,0
base,ms,android,E,w,1,0,0
base,tv,android,E,h,1,1,1
base,ems,ios,E,i,1,0,0
base,si,android,E,r,1,1,1
base,md,android,E,n,1,1,1
base,md,android,E,d,1,1,1
base,ems,ios,E,e,1,0,0
base,ms,ios,E,a,1,0,0
base,tv,ios,E,s,1,0,0
base,ms,android,E,t,1,0,0
base,ms,android,E,o,1,0,0
base,si,android,E,r,1,0,0
base,si,android,E,n,1,0,0
base,tv,ios,E,u,1,0,0
base,ms,ios,E,s,1,0,0
base,ms,android,E,m,1,0,0
base,tv,ios,E,t,1,0,0
base,tv,android,E,n,1,1,1
base,ms,android,E,a,1,1,1
base,ms,android,E,n,1,0,0
base,ms,ios,E,h,1,0,0
base,ms,android,E,e,1,1,1
base,ms,android,E,s,1,1,1
base,ms,ios,E,a,1,0,0
base,tv,android,E,h,1,0,0
base,ems,android,E,n,1,1,1
base,md,android,E,n,1,0,0
base,tv,android,E,n,1,1,1
base,ms,android,E,s,1,1,1
base,tv,android,E,i,1,1,1
base,tv,ios,E,e,1,0,0
base,ms,android,E,k,1,1,1
base,ms,android,E,g,1,1,1
base,ms,android,E,l,1,0,0
base,ems,ios,E,r,1,0,0
base,tv,ios,E,d,1,0,0
base,tv,android,E,r,1,1,1
base,ms,android,E,u,1,0,0
base,ms,android,E,i,1,1,1
base,ms,android,E,t,1,0,0
base,ms,android,E,a,1,1,1
base,ms,android,E,l,1,0,0
base,ms,android,E,h,1,1,1
base,ms,android,E,k,1,1,1
base,tv,android,E,r,1,1,1
base,md,android,E,r,1,0,0
base,ems,android,E,i,1,1,1
base,tv,ios,E,r,1,1,1
base,ms,android,E,e,1,0,0
base,ms,android,E,r,1,1,1
base,ms,ios,E,r,1,1,1
base,ms,ios,E,y,1,0,0
base,ms,android,E,f,1,1,1
base,ms,android,E,t,1,1,1
base,ems,android,E,e,1,0,0
base,tv,android,E,l,1,1,1
base,tv,android,E,r,1,1,1
base,ms,ios,E,n,1,0,0
base,ms,android,G,s,1,0,0
base,sd,android,G,n,1,1,1
base,tv,android,G,r,1,0,0
base,ms,android,G,q,1,0,0
base,ms,android,G,a,1,0,0
base,ems,ios,H,n,1,0,0
base,tv,android,H,u,1,1,1
base,ms,android,H,a,1,1,1
base,ms,android,H,u,1,0,0
base,ms,ios,H,r,1,1,1
base,tv,android,H,o,1,0,0
base,tv,android,H,s,1,0,0
base,tv,android,H,h,1,1,1
base,ms,android,H,r,1,1,1
base,ms,android,H,a,1,1,1
base,ms,android,H,u,1,1,1
base,ms,android,H,l,1,1,1
base,ms,android,H,e,1,1,1
base,ms,android,H,z,1,0,0
base,ms,android,H,v,1,0,0
base,si,android,H,i,1,0,0
base,tv,android,H,m,1,1,1
base,ms,ios,H,s,1,0,0
base,ms,android,H,h,1,1,1
base,ms,android,H,s,1,0,0
base,ms,android,H,l,1,0,0
base,ms,android,H,f,1,0,0
base,tv,android,H,r,1,1,1
base,ms,ios,H,a,1,0,0
base,ms,android,H,t,1,1,1
base,tv,android,K,d,1,0,0
base,ems,ios,K,n,1,0,0
base,ms,android,K,s,1,0,0
base,tv,android,K,s,1,1,1
base,ms,android,K,s,1,0,0
base,ms,android,K,a,1,0,0
base,tv,android,K,r,1,0,0
base,ms,android,N,i,1,0,0
base,ms,android,N,l,1,0,0
base,ems,android,N,h,1,0,0
base,ems,android,N,s,1,0,0
base,md,android,N,a,1,0,0
base,ms,android,N,a,1,0,0
base,tv,android,N,n,1,1,1
base,ms,ios,N,i,1,0,0
base,ems,android,N,f,1,1,1
base,si,android,N,j,1,0,0
base,md,android,N,s,1,0,0
base,ms,android,N,e,1,1,1
base,ms,ios,N,t,1,0,0
base,tv,android,N,h,1,0,0
base,tv,ios,N,n,1,0,0
base,ms,android,N,t,1,1,1
base,tv,android,N,u,1,1,1
base,md,android,N,u,1,0,0
base,ems,android,N,y,1,1,1
base,ems,android,N,r,1,1,1
base,ms,android,N,o,1,0,0
base,ms,android,N,h,1,0,0
base,ms,ios,N,r,1,0,0
base,ems,android,N,o,1,1,1
base,ems,android,N,o,1,0,0
base,md,android,N,l,1,0,0
base,ms,ios,N,i,1,0,0
base,sd,android,N,i,1,0,0
base,ms,ios,N,n,1,0,0
base,ms,ios,N,e,1,1,1
base,ms,android,N,r,1,0,0
base,ms,android,N,a,1,0,0
base,tv,android,N,s,1,0,0
base,ms,android,N,s,1,1,1
base,si,android,N,r,1,0,0
base,ms,ios,N,o,1,0,0
base,ms,android,N,r,1,0,0
base,si,android,N,t,1,1,1
base,tv,ios,N,r,1,0,0
base,ms,android,N,s,1,0,0
base,ms,ios,N,d,1,1,1
base,tv,ios,N,r,1,0,0
base,tv,android,N,h,1,1,1
base,si,android,N,s,1,0,0
base,md,android,N,o,1,1,1
base,tv,android,N,t,1,0,0
base,ms,android,N,o,1,0,0
base,md,android,N,j,1,0,0
base,ems,android,N,l,1,1,1
base,ems,ios,N,l,1,0,0
base,ems,ios,N,e,1,0,0
base,tv,android,N,i,1,1,1
base,tv,android,N,o,1,0,0
base,ms,android,N,r,1,1,1
base,si,android,N,h,1,1,1
base,si,android,N,y,1,0,0
base,ms,ios,N,s,1,0,0
base,ms,android,N,t,1,0,0
base,ms,ios,N,a,1,0,0
base,ms,ios,N,j,1,1,1
base,ems,android,N,n,1,1,1
base,ms,ios,N,h,1,1,1
base,ems,ios,N,n,1,0,0
base,tv,android,N,a,1,0,0
base,md,android,N,d,1,1,1
base,tv,android,O,t,1,1,1
base,ms,android,O,o,1,0,0
base,ms,ios,O,r,1,0,0
base,ms,ios,O,r,1,0,0
base,ms,android,O,r,1,0,0
base,ms,android,O,s,1,0,0
base,ms,android,O,t,1,0,0
base,tv,android,O,r,1,1,1
base,ms,ios,O,e,1,1,1
base,tv,ios,O,u,1,0,0
base,ems,ios,P,n,1,0,0
base,ms,android,P,z,1,1,1
base,tv,android,P,i,1,0,0
base,ms,ios,P,s,1,0,0
base,ems,android,P,a,1,0,0
base,tv,android,P,d,1,0,0
base,ems,ios,P,h,1,1,1
base,tv,ios,P,n,1,0,0
base,ems,ios,P,i,1,0,0
base,ms,android,P,t,1,1,1
base,ms,ios,P,r,1,1,1
base,ms,android,R,o,1,1,1
base,ems,android,R,u,1,0,0
base,ms,ios,R,r,1,0,0
base,ms,android,R,o,1,0,0
base,ms,android,R,a,1,0,0
base,ms,android,R,a,1,1,1
base,tv,android,R,u,1,0,0
base,ms,android,R,r,1,0,0
base,tv,android,R,h,1,1,1
base,ms,ios,R,a,1,0,0
base,ms,android,R,m,1,0,0
base,ms,android,R,a,1,0,0
base,ms,android,R,e,1,0,0
base,ms,android,R,l,1,1,1
base,ms,ios,R,e,1,0,0
base,ems,ios,R,i,1,0,0
base,ms,android,R,z,1,1,1
base,tv,ios,R,h,1,0,0
base,ms,android,R,k,1,1,1
base,ms,ios,R,u,1,0,0
base,tv,ios,R,r,1,0,0
base,ms,ios,R,o,1,0,0
base,ms,android,R,r,1,0,0
base,ms,ios,R,r,1,1,1
base,ms,android,R,s,1,1,1
base,ms,ios,R,o,1,0,0
base,ms,android,R,g,1,1,1
base,ms,ios,R,e,1,0,0
base,tv,android,R,t,1,0,0
base,ms,android,R,r,1,1,1
base,tv,android,R,o,1,0,0
base,ms,android,R,s,1,0,0
base,ms,android,R,r,1,1,1
base,tv,android,R,l,1,0,0
base,ms,android,R,n,1,0,0
base,tv,android,R,u,1,0,0
base,tv,ios,R,u,1,0,0
base,tv,ios,R,o,1,0,0
base,ms,android,R,u,1,1,1
base,ms,ios,R,n,1,1,1
base,ms,android,R,y,1,0,0
base,ms,android,R,h,1,1,1
base,ms,android,R,f,1,0,0
base,tv,android,R,z,1,1,1
base,ems,ios,R,r,1,1,1
base,ms,android,R,a,1,0,0
base,tv,ios,R,h,1,1,1
base,ems,ios,R,r,1,0,0
base,ms,android,R,t,1,0,0
base,tv,android,R,a,1,1,1
base,tv,ios,R,u,1,1,1
base,ms,ios,R,h,1,1,1
base,ems,android,R,n,1,0,0
base,ms,android,R,r,1,0,0
base,ms,android,R,s,1,0,0
base,ems,ios,R,o,1,0,0
base,ems,android,R,z,1,0,0
base,ems,ios,R,n,1,0,0
base,ms,android,R,o,1,0,0
base,ms,android,R,u,1,0,0
base,ms,android,R,r,1,1,1
base,tv,android,R,n,1,0,0
base,ms,android,R,a,1,0,0
base,ems,ios,R,r,1,0,0
base,tv,ios,R,n,1,0,0
base,ms,android,S,l,1,1,1
base,tv,android,S,i,1,1,1
base,tv,android,s,i,1,1,1
base,ms,android,s,b,1,1,1
base,ms,android,s,k,1,1,1
base,ms,android,s,z,1,1,1
base,tv,android,s,i,1,1,1
base,ems,android,s,s,1,1,1
base,tv,android,s,e,1,1,1
base,ms,android,S,a,1,1,1
base,ems,android,S,s,1,1,1
base,tv,android,S,r,1,1,1
base,tv,android,s,l,1,1,1
base,ems,android,s,y,1,1,1
base,ms,android,s,o,1,1,1
base,tv,android,S,a,1,1,1
base,tv,android,S,e,1,0,0
base,ms,ios,S,l,1,0,0
base,tv,android,S,k,1,0,0
base,tv,android,s,t,1,0,0
base,tv,android,s,f,1,0,0
base,ms,ios,s,t,1,0,0
base,ms,ios,S,a,1,0,0
base,ms,android,S,i,1,0,0
base,tv,android,s,s,1,0,0
base,tv,android,S,k,1,0,0
base,ms,ios,S,r,1,0,0
base,ms,ios,S,y,1,0,0
base,ms,android,S,a,1,0,0
base,ms,android,s,a,1,0,0
base,ems,android,s,r,1,0,0
base,ems,android,S,s,1,0,0
base,tv,android,s,r,1,0,0
base,ms,android,S,o,1,0,0
base,md,android,s,n,1,0,0
base,ms,android,s,m,1,0,0
base,ms,android,S,s,1,0,0
base,ms,android,s,v,1,0,0
base,tv,android,S,d,1,0,0
base,tv,android,s,s,1,0,0
base,ms,android,S,l,1,0,0
base,ms,android,s,l,1,0,0
base,ms,android,S,k,1,0,0
base,ms,android,S,m,1,0,0
base,tv,android,S,t,1,0,0
base,ms,android,s,m,1,0,0
base,ms,android,s,z,1,0,0
base,tv,android,S,r,1,0,0
base,tv,android,S,a,1,0,0
base,ms,android,s,o,1,0,0
base,ms,android,s,s,1,0,0
base,ms,android,S,s,1,0,0
base,tv,android,s,h,1,0,0
base,tv,ios,S,n,1,0,0
base,ms,android,s,s,1,0,0
base,ems,android,S,o,1,0,0
base,ems,ios,s,n,1,0,0
base,tv,android,S,r,1,0,0
base,sd,android,S,i,1,0,0
base,ems,android,T,t,1,1,1
base,ms,android,T,h,1,1,1
base,tv,android,T,r,1,0,0
base,tv,android,T,t,1,1,1
base,ms,ios,T,s,1,0,0
base,tv,ios,T,h,1,0,0
base,ms,ios,T,t,1,0,0
base,ms,android,T,l,1,0,0
base,ms,ios,U,n,1,1,1
base,ms,android,U,s,1,1,1
base,ms,android,U,g,1,0,0
base,ms,android,U,k,1,1,1
base,ms,android,U,d,1,0,0
base,ems,android,U,n,1,1,1
base,ms,android,U,s,1,1,1
base,tv,android,U,r,1,0,0
base,ems,android,U,z,1,0,0
base,ms,ios,U,s,1,1,1
base,ms,android,U,e,1,0,0
base,ms,android,U,h,1,1,1
base,ms,android,U,s,1,0,0
base,tv,android,W,i,1,0,0
base,ms,android,W,e,1,0,0
base,ems,android,W,r,1,0,0
base,ems,android,W,i,1,1,1
base,si,android,W,n,1,0,0
base,tv,ios,W,n,1,0,0
base,tv,ios,W,i,1,0,0
base,ems,ios,W,h,1,0,0
base,ms,ios,W,h,1,0,0
base,ms,android,W,m,1,1,1
base,md,android,X,s,1,0,0
base,ms,android,X,a,1,1,1
base,ms,android,X,e,1,0,0
base,ms,android,X,u,1,0,0
base,ems,android,X,h,1,1,1
base,ms,android,X,i,1,1,1
base,tv,android,X,t,1,0,0
base,md,android,X,n,1,1,1
base,ms,android,X,r,1,0,0
base,ms,ios,X,u,1,0,0
base,ms,ios,X,i,1,1,1
base,ms,android,Y,s,1,1,1
base,tv,ios,Y,h,1,0,0
base,ms,android,Y,z,1,1,1
base,si,android,Y,n,1,0,0
base,ms,android,Y,e,1,0,0
base,md,android,Y,s,1,0,0
base,tv,android,Y,h,1,0,0
base,ms,android,Y,r,1,1,1
base,tv,ios,Y,h,1,1,1
base,si,android,Y,s,1,0,0
base,ms,ios,Y,y,1,1,1
base,ms,android,Y,e,1,1,1
base,ms,ios,Y,o,1,1,1
base,ms,ios,Y,u,1,1,1
this,si,android,D,m,1,0,0
this,tv,android,D,h,1,0,0
this,si,android,D,f,1,1,1
this,tv,android,D,s,1,1,1
this,ms,android,D,a,1,0,0
this,si,android,D,n,1,0,0
this,si,android,D,z,1,0,0
this,tv,ios,D,i,1,1,1
this,ms,android,D,s,1,0,0
this,ms,android,D,z,1,0,0
this,si,android,D,s,1,0,0
this,si,android,D,z,1,0,0
this,si,android,D,e,1,0,0
this,ms,ios,D,d,1,0,0
this,si,android,D,h,1,0,0
this,tv,android,D,i,1,1,1
this,si,android,D,l,1,0,0
this,tv,android,D,i,1,0,0
this,si,android,D,a,1,0,0
this,ms,android,D,e,1,1,1
this,ms,android,D,s,1,1,1
this,si,android,D,o,1,0,0
this,si,android,D,r,1,0,0
this,ms,android,D,l,1,0,0
this,ms,ios,D,r,1,1,1
this,ms,android,D,z,1,0,0
this,sd,android,D,n,1,0,0
this,si,android,D,k,1,0,0
this,si,android,D,a,1,1,1
this,si,android,D,s,1,0,0
this,ems,android,D,d,1,1,1
this,ms,android,D,n,1,1,1
this,ems,ios,D,n,1,0,0
this,md,android,D,r,1,0,0
this,tv,android,E,w,1,0,0
this,ms,android,E,d,1,1,1
this,ms,android,E,z,1,0,0
this,ms,android,E,e,1,1,1
this,tv,ios,E,i,1,1,1
this,tv,android,E,s,1,1,1
this,md,android,E,n,1,1,1
this,tv,android,E,o,1,0,0
this,ems,android,E,n,1,1,1
this,ems,ios,E,r,1,0,0
this,tv,android,E,l,1,0,0
this,ems,android,E,r,1,0,0
this,ms,android,E,s,1,1,1
this,ms,ios,E,r,1,0,0
this,ms,android,E,i,1,1,1
this,ems,ios,E,n,1,1,1
this,ms,ios,E,e,1,0,0
this,tv,ios,E,t,1,0,0
this,ems,ios,E,h,1,0,0
this,tv,ios,E,i,1,1,1
this,tv,android,E,s,1,0,0
this,si,android,E,n,1,0,0
this,md,android,E,r,1,1,1
this,ems,android,E,i,1,0,0
this,ms,android,E,n,1,0,0
this,ms,android,E,o,1,0,0
this,ems,ios,E,n,1,0,0
this,ms,android,E,i,1,0,0
this,tv,android,E,l,1,1,1
this,ms,ios,E,i,1,1,1
this,ms,android,E,q,1,0,0
this,ms,android,E,l,1,0,0
this,ms,ios,E,a,1,0,0
this,ms,android,E,u,1,0,0
this,ms,android,E,l,1,0,0
this,ems,android,E,n,1,1,1
this,ms,ios,E,o,1,0,0
this,ms,android,E,z,1,1,1
this,tv,android,E,l,1,1,1
this,ms,android,E,l,1,1,1
this,tv,android,E,t,1,0,0
this,tv,ios,E,v,1,0,0
this,tv,android,E,i,1,1,1
this,ms,ios,E,s,1,0,0
this,ms,android,E,t,1,1,1
this,ms,ios,E,a,1,0,0
this,tv,android,E,i,1,1,1
this,ms,android,E,r,1,1,1
this,ms,android,E,n,1,0,0
this,tv,android,E,n,1,1,1
this,ms,android,E,s,1,1,1
this,ms,ios,E,n,1,0,0
this,tv,android,E,r,1,0,0
this,ms,android,E,s,1,0,0
this,ms,android,E,l,1,0,0
this,ms,android,E,k,1,1,1
this,sd,android,E,n,1,1,1
this,ms,android,G,r,1,0,0
this,ms,android,G,s,1,1,1
this,tv,ios,G,a,1,1,1
this,tv,android,G,o,1,1,1
this,ms,android,G,l,1,0,0
this,ms,android,G,s,1,0,0
this,ems,android,G,i,1,0,0
this,ms,android,H,u,1,1,1
this,ms,ios,H,o,1,0,0
this,tv,android,H,r,1,1,1
this,tv,android,H,r,1,1,1
this,ms,android,H,r,1,0,0
this,ms,android,H,a,1,1,1
this,ms,android,H,l,1,0,0
this,ems,android,H,l,1,0,0
this,ems,android,H,u,1,0,0
this,ms,ios,H,i,1,1,1
this,ems,ios,H,i,1,0,0
this,ems,ios,H,n,1,0,0
this,tv,android,H,e,1,0,0
this,tv,android,H,a,1,0,0
this,ems,android,H,n,1,1,1
this,ms,android,H,z,1,0,0
this,ms,android,H,s,1,0,0
this,ms,android,H,r,1,1,1
this,ms,ios,H,a,1,0,0
this,ems,android,H,r,1,0,0
this,tv,ios,K,i,1,0,0
this,tv,ios,K,r,1,0,0
this,ems,android,K,r,1,0,0
this,ms,android,K,a,1,0,0
this,ms,android,K,r,1,1,1
this,ms,android,K,s,1,0,0
this,ems,ios,K,n,1,0,0
this,tv,android,K,d,1,1,1
this,ms,android,K,l,1,0,0
this,ems,android,N,d,1,0,0
this,tv,android,N,h,1,0,0
this,ms,android,N,r,1,1,1
this,ms,android,N,y,1,1,1
this,ms,android,N,l,1,0,0
this,ms,android,N,o,1,0,0
this,ms,android,N,r,1,1,1
this,md,android,N,r,1,0,0
this,ems,ios,N,n,1,1,1
this,ems,android,N,h,1,0,0
this,md,android,N,o,1,0,0
this,tv,android,N,n,1,1,1
this,md,android,N,l,1,0,0
this,md,android,N,n,1,0,0
this,ms,android,N,s,1,1,1
this,tv,android,N,i,1,0,0
this,tv,android,N,l,1,0,0
this,ms,android,N,b,1,0,0
this,ems,android,N,s,1,1,1
this,ms,android,N,a,1,0,0
this,ms,android,N,z,1,0,0
this,ms,android,N,i,1,1,1
this,si,android,N,h,1,0,0
this,tv,android,N,i,1,0,0
this,md,android,N,i,1,0,0
this,ms,android,N,t,1,1,1
this,ms,ios,N,u,1,0,0
this,ems,android,N,l,1,1,1
this,ms,android,N,r,1,0,0
this,ms,android,N,e,1,0,0
this,si,android,N,j,1,0,0
this,ms,ios,N,j,1,1,1
this,ems,android,N,o,1,0,0
this,ms,android,N,s,1,1,1
this,ms,android,N,e,1,0,0
this,md,android,N,a,1,0,0
this,ms,android,N,l,1,0,0
this,ms,android,N,r,1,1,1
this,ms,android,N,a,1,0,0
this,tv,ios,O,r,1,0,0
this,ems,android,O,i,1,1,1
this,ms,android,O,o,1,1,1
this,ms,ios,O,i,1,1,1
this,ms,ios,O,t,1,0,0
this,ms,android,O,r,1,1,1
this,tv,android,O,t,1,0,0
this,tv,android,O,h,1,0,0
this,tv,ios,P,h,1,1,1
this,ms,ios,P,r,1,0,0
this,tv,android,P,h,1,1,1
this,tv,ios,P,l,1,1,1
this,ms,android,P,l,1,1,1
this,ms,ios,P,o,1,0,0
this,ms,android,P,r,1,1,1
this,tv,ios,P,h,1,0,0
this,ms,android,P,r,1,1,1
this,ms,android,P,u,1,1,1
this,md,android,P,n,1,1,1
this,ms,ios,P,d,1,0,0
this,ms,android,P,o,1,0,0
this,md,android,R,r,1,1,1
this,tv,android,R,t,1,0,0
this,ms,android,R,t,1,0,0
this,ms,ios,R,r,1,1,1
this,tv,ios,R,u,1,0,0
this,sd,android,R,n,1,1,1
this,ems,android,R,r,1,0,0
this,ms,ios,R,i,1,0,0
this,ms,android,R,a,1,0,0
this,ms,android,R,e,1,1,1
this,ems,android,R,r,1,0,0
this,tv,ios,R,n,1,0,0
this,ms,android,R,r,1,0,0
this,tv,android,R,r,1,1,1
this,ms,android,R,z,1,0,0
this,ms,android,R,o,1,0,0
this,ms,android,R,r,1,1,1
this,ms,android,R,t,1,0,0
this,ems,android,R,r,1,1,1
this,tv,android,R,s,1,0,0
this,ms,ios,R,r,1,1,1
this,ms,android,R,s,1,0,0
this,tv,ios,R,i,1,0,0
this,ms,android,R,a,1,1,1
this,ms,android,R,n,1,0,0
this,ms,android,R,r,1,0,0
this,tv,ios,R,i,1,1,1
this,ms,android,R,u,1,0,0
this,ms,android,R,o,1,0,0
this,tv,android,R,d,1,1,1
this,ms,android,R,o,1,1,1
this,ms,android,R,q,1,0,0
this,ems,android,R,n,1,1,1
this,ms,android,R,l,1,0,0
this,ms,android,R,l,1,0,0
this,ms,android,R,s,1,1,1
this,tv,android,R,a,1,0,0
this,ms,android,R,t,1,1,1
this,ms,android,R,a,1,0,0
this,tv,ios,R,r,1,1,1
this,ms,android,R,i,1,1,1
this,ms,ios,R,a,1,0,0
this,ms,android,R,a,1,0,0
this,ms,ios,R,a,1,0,0
this,ms,android,R,t,1,0,0
this,ms,android,R,s,1,0,0
this,ms,android,R,r,1,0,0
this,ems,android,R,n,1,1,1
this,ms,android,R,i,1,1,1
this,tv,android,R,n,1,0,0
this,ems,ios,R,h,1,0,0
this,tv,android,R,z,1,0,0
this,tv,android,R,t,1,1,1
this,ms,android,R,t,1,0,0
this,tv,android,R,h,1,0,0
this,ms,android,s,a,1,1,1
this,ms,android,S,a,1,1,1
this,ms,ios,s,s,1,1,1
this,tv,ios,s,n,1,1,1
this,tv,android,S,l,1,1,1
this,ms,ios,S,t,1,1,1
this,tv,ios,S,n,1,1,1
this,tv,android,S,n,1,1,1
this,ms,android,S,e,1,1,1
this,ms,android,S,e,1,1,1
this,ems,android,S,n,1,1,1
this,tv,ios,s,r,1,1,1
this,ms,android,s,s,1,1,1
this,tv,android,S,r,1,1,1
this,ms,android,S,r,1,1,1
this,tv,android,S,t,1,1,1
this,tv,android,S,w,1,1,1
this,ms,android,S,l,1,1,1
this,tv,android,S,r,1,1,1
this,si,android,S,a,1,1,1
this,ms,android,s,l,1,1,1
this,ems,android,S,r,1,1,1
this,ms,ios,S,r,1,0,0
this,ems,ios,S,o,1,0,0
this,ms,android,s,z,1,0,0
this,ms,android,S,r,1,0,0
this,tv,android,S,a,1,0,0
this,tv,ios,S,r,1,0,0
this,tv,android,S,z,1,0,0
this,ms,android,S,e,1,0,0
this,ms,ios,S,h,1,0,0
this,ms,android,S,v,1,0,0
this,tv,android,S,r,1,0,0
this,tv,ios,S,s,1,0,0
this,tv,android,s,h,1,0,0
this,tv,android,s,i,1,0,0
this,ms,ios,S,r,1,0,0
this,tv,android,S,e,1,0,0
this,tv,android,s,r,1,0,0
this,tv,android,s,l,1,0,0
this,tv,ios,s,t,1,0,0
this,tv,android,s,u,1,0,0
this,ms,ios,S,a,1,0,0
this,ms,android,S,a,1,0,0
this,tv,android,S,n,1,0,0
this,ms,android,S,a,1,0,0
this,ems,ios,S,u,1,0,0
this,ems,ios,s,n,1,0,0
this,tv,android,S,a,1,0,0
this,si,android,s,n,1,0,0
this,tv,android,S,e,1,0,0
this,ms,ios,s,i,1,0,0
this,ms,ios,S,y,1,0,0
this,tv,ios,S,n,1,0,0
this,ms,android,s,w,1,0,0
this,ms,android,S,r,1,0,0
this,ms,android,T,g,1,1,1
this,ms,android,T,r,1,0,0
this,ms,android,T,q,1,1,1
this,ms,ios,T,n,1,1,1
this,tv,android,T,h,1,0,0
this,ms,android,T,k,1,0,0
this,ms,android,T,r,1,0,0
this,tv,ios,T,n,1,0,0
this,ms,android,T,n,1,0,0
this,tv,android,T,a,1,1,1
this,tv,android,T,t,1,1,1
this,tv,android,U,b,1,1,1
this,ms,android,U,e,1,1,1
this,ms,ios,U,o,1,1,1
this,ems,android,U,i,1,1,1
this,ms,android,U,t,1,1,1
this,ms,ios,U,a,1,0,0
this,tv,android,U,r,1,1,1
this,md,android,U,n,1,0,0
this,tv,android,U,y,1,1,1
this,ms,ios,U,t,1,1,1
this,tv,android,U,i,1,0,0
this,ems,ios,U,r,1,0,0
this,ms,android,U,k,1,1,1
this,ms,ios,U,y,1,0,0
this,ms,android,U,b,1,1,1
this,ms,android,U,l,1,0,0
this,tv,android,U,s,1,1,1
this,tv,android,U,e,1,0,0
this,tv,android,U,v,1,0,0
this,ms,android,U,g,1,0,0
this,ems,android,U,n,1,1,1
this,ms,android,U,h,1,0,0
this,ems,android,U,k,1,0,0
this,ems,android,U,a,1,0,0
this,tv,android,U,o,1,1,1
this,ems,ios,U,n,1,1,1
this,ems,ios,W,h,1,0,0
this,ms,android,W,r,1,1,1
this,ems,android,W,i,1,0,0
this,ems,android,W,h,1,0,0
this,ms,ios,W,s,1,0,0
this,ms,android,W,r,1,1,1
this,ems,android,W,n,1,0,0
this,ms,ios,X,u,1,0,0
this,ms,android,X,t,1,0,0
this,ms,android,X,o,1,0,0
this,ms,android,X,k,1,0,0
this,ms,ios,X,r,1,1,1
this,ems,ios,X,i,1,0,0
this,ms,ios,X,e,1,1,1
this,ms,android,X,a,1,0,0
this,ms,ios,X,h,1,0,0
this,ms,android,Y,r,1,0,0
this,tv,ios,Y,u,1,0,0
this,ms,ios,Y,t,1,1,1
this,md,android,Y,s,1,0,0
this,ms,android,Y,t,1,1,1
this,ms,ios,Y,y,1,1,1
this,tv,android,Y,r,1,1,1
this,tv,android,Y,n,1,0,0
this,tv,ios,Y,y,1,0,0
this,tv,android,Y,h,1,1,1
this,ms,android,Y,s,1,0,0
this,tv,ios,Y,a,1,1,1
this,tv,android,Y,m,1,0,0
this,ms,android,Y,l,1,1,1
this,si,android,Y,n,1,1,1
this,ms,ios,Y,n,1,0,0
this,ms,android,Y,a,1,0,0
this,tv,ios,Y,r,1,0,0
this,si,android,Y,s,1,0,0